# x_m,y_m,w_tr_left_m,w_tr_right_m 
0.1724048,-2.727798,0.0,0.0
0.1800334,-2.7213421,0.0,0.0
0.1876575,-2.7148818,0.0,0.0
0.1952771,-2.7084166,0.0,0.0
0.2028928,-2.7019459,0.0,0.0
0.2105049,-2.6954691,0.0,0.0
0.2181137,-2.6889856,0.0,0.0
0.2257195,-2.6824949,0.0,0.0
0.2333226,-2.6759964,0.0,0.0
0.2409235,-2.6694894,0.0,0.0
0.2485225,-2.6629735,0.0,0.0
0.2560888,-2.6564747,0.0,0.0
0.2636491,-2.6499699,0.0,0.0
0.2712078,-2.6434551,0.0,0.0
0.2787647,-2.6369299,0.0,0.0
0.28632,-2.6303941,0.0,0.0
0.2938736,-2.6238473,0.0,0.0
0.3014253,-2.6172892,0.0,0.0
0.3089752,-2.6107196,0.0,0.0
0.3165233,-2.6041383,0.0,0.0
0.3240694,-2.5975448,0.0,0.0
0.3316136,-2.5909389,0.0,0.0
0.3391155,-2.5843557,0.0,0.0
0.3465975,-2.5777754,0.0,0.0
0.3540774,-2.571182,0.0,0.0
0.3615552,-2.5645752,0.0,0.0
0.3690309,-2.5579546,0.0,0.0
0.3765043,-2.5513199,0.0,0.0
0.3839755,-2.5446708,0.0,0.0
0.3914444,-2.5380071,0.0,0.0
0.3989109,-2.5313283,0.0,0.0
0.406375,-2.5246342,0.0,0.0
0.4138366,-2.5179245,0.0,0.0
0.4212647,-2.5112268,0.0,0.0
0.4286485,-2.5045507,0.0,0.0
0.4360296,-2.4978585,0.0,0.0
0.4434079,-2.4911498,0.0,0.0
0.4507832,-2.4844244,0.0,0.0
0.4581555,-2.477682,0.0,0.0
0.4655245,-2.4709225,0.0,0.0
0.4728902,-2.4641455,0.0,0.0
0.4802524,-2.4573508,0.0,0.0
0.4876109,-2.4505382,0.0,0.0
0.4949657,-2.4437074,0.0,0.0
0.5023126,-2.4368619,0.0,0.0
0.5095794,-2.4300689,0.0,0.0
0.516842,-2.4232575,0.0,0.0
0.5241003,-2.4164274,0.0,0.0
0.5313541,-2.4095784,0.0,0.0
0.5386032,-2.4027102,0.0,0.0
0.5458474,-2.3958228,0.0,0.0
0.5530866,-2.3889158,0.0,0.0
0.5603205,-2.3819891,0.0,0.0
0.5675491,-2.3750425,0.0,0.0
0.574772,-2.3680758,0.0,0.0
0.5819891,-2.3610887,0.0,0.0
0.5891558,-2.3541244,0.0,0.0
0.5962795,-2.3471757,0.0,0.0
0.6033969,-2.3402065,0.0,0.0
0.6105079,-2.3332168,0.0,0.0
0.6176121,-2.3262063,0.0,0.0
0.6247094,-2.319175,0.0,0.0
0.6317995,-2.3121227,0.0,0.0
0.6388822,-2.3050491,0.0,0.0
0.6459573,-2.2979543,0.0,0.0
0.6530246,-2.2908379,0.0,0.0
0.6600838,-2.2836999,0.0,0.0
0.6671347,-2.2765401,0.0,0.0
0.6741062,-2.2694308,0.0,0.0
0.6810622,-2.2623069,0.0,0.0
0.6880094,-2.2551613,0.0,0.0
0.6949476,-2.2479939,0.0,0.0
0.7018763,-2.2408046,0.0,0.0
0.7087955,-2.2335933,0.0,0.0
0.7157049,-2.2263598,0.0,0.0
0.7226042,-2.2191041,0.0,0.0
0.7294931,-2.2118261,0.0,0.0
0.7363714,-2.2045256,0.0,0.0
0.7432389,-2.1972026,0.0,0.0
0.7500847,-2.1898681,0.0,0.0
0.7568592,-2.1825757,0.0,0.0
0.7636223,-2.175261,0.0,0.0
0.7703737,-2.1679239,0.0,0.0
0.7771131,-2.1605642,0.0,0.0
0.7838404,-2.153182,0.0,0.0
0.7905551,-2.1457772,0.0,0.0
0.7972571,-2.1383496,0.0,0.0
0.803946,-2.1308994,0.0,0.0
0.8106217,-2.1234263,0.0,0.0
0.8172837,-2.1159303,0.0,0.0
0.8239319,-2.1084113,0.0,0.0
0.8305501,-2.1008876,0.0,0.0
0.837109,-2.0933923,0.0,0.0
0.8436534,-2.0858744,0.0,0.0
0.8501832,-2.0783337,0.0,0.0
0.856698,-2.0707704,0.0,0.0
0.8631975,-2.0631843,0.0,0.0
0.8696815,-2.0555754,0.0,0.0
0.8761497,-2.0479438,0.0,0.0
0.8826017,-2.0402893,0.0,0.0
0.8890374,-2.032612,0.0,0.0
0.8954564,-2.0249118,0.0,0.0
0.9018584,-2.0171888,0.0,0.0
0.90823,-2.0094588,0.0,0.0
0.9145475,-2.0017508,0.0,0.0
0.9208476,-1.9940202,0.0,0.0
0.9271298,-1.986267,0.0,0.0
0.9333939,-1.9784913,0.0,0.0
0.9396396,-1.9706931,0.0,0.0
0.9458666,-1.9628724,0.0,0.0
0.9520747,-1.9550292,0.0,0.0
0.9582634,-1.9471635,0.0,0.0
0.9644327,-1.9392753,0.0,0.0
0.970582,-1.9313647,0.0,0.0
0.9767113,-1.9234316,0.0,0.0
0.9828136,-1.9154847,0.0,0.0
0.9888638,-1.9075567,0.0,0.0
0.9948932,-1.8996067,0.0,0.0
1.0009017,-1.8916346,0.0,0.0
1.0068888,-1.8836405,0.0,0.0
1.0128544,-1.8756244,0.0,0.0
1.0187981,-1.8675865,0.0,0.0
1.0247197,-1.8595267,0.0,0.0
1.0306188,-1.851445,0.0,0.0
1.0364952,-1.8433416,0.0,0.0
1.0423486,-1.8352165,0.0,0.0
1.0481787,-1.8270697,0.0,0.0
1.0539851,-1.8189015,0.0,0.0
1.0597412,-1.8107491,0.0,0.0
1.0654735,-1.8025754,0.0,0.0
1.0711815,-1.7943805,0.0,0.0
1.0768651,-1.7861645,0.0,0.0
1.0825239,-1.7779273,0.0,0.0
1.0881576,-1.7696692,0.0,0.0
1.093766,-1.7613901,0.0,0.0
1.0993489,-1.7530902,0.0,0.0
1.1049058,-1.7447695,0.0,0.0
1.1104366,-1.7364281,0.0,0.0
1.115941,-1.7280661,0.0,0.0
1.1214186,-1.7196835,0.0,0.0
1.126857,-1.7112996,0.0,0.0
1.1322647,-1.7029007,0.0,0.0
1.1376451,-1.6944817,0.0,0.0
1.1429978,-1.6860426,0.0,0.0
1.1483226,-1.6775836,0.0,0.0
1.1536192,-1.6691048,0.0,0.0
1.1588874,-1.6606063,0.0,0.0
1.1641268,-1.6520881,0.0,0.0
1.1693373,-1.6435505,0.0,0.0
1.1745184,-1.6349934,0.0,0.0
1.1796701,-1.6264171,0.0,0.0
1.1847919,-1.6178216,0.0,0.0
1.1898804,-1.6092125,0.0,0.0
1.1949356,-1.6005895,0.0,0.0
1.1999604,-1.5919477,0.0,0.0
1.2049543,-1.5832873,0.0,0.0
1.2099173,-1.5746084,0.0,0.0
1.2148489,-1.5659111,0.0,0.0
1.219749,-1.5571955,0.0,0.0
1.2246173,-1.5484618,0.0,0.0
1.2294536,-1.5397101,0.0,0.0
1.2342576,-1.5309406,0.0,0.0
1.2390289,-1.5221533,0.0,0.0
1.2437675,-1.5133485,0.0,0.0
1.2484735,-1.5045253,0.0,0.0
1.2531474,-1.4956823,0.0,0.0
1.2577878,-1.4868222,0.0,0.0
1.2623943,-1.477945,0.0,0.0
1.2669668,-1.4690509,0.0,0.0
1.271505,-1.4601402,0.0,0.0
1.2760086,-1.4512129,0.0,0.0
1.2804775,-1.4422692,0.0,0.0
1.2849114,-1.4333093,0.0,0.0
1.28931,-1.4243334,0.0,0.0
1.2936731,-1.4153415,0.0,0.0
1.2980004,-1.4063338,0.0,0.0
1.3022919,-1.3973106,0.0,0.0
1.3065549,-1.3882552,0.0,0.0
1.3107815,-1.3791842,0.0,0.0
1.3149714,-1.370098,0.0,0.0
1.3191243,-1.3609968,0.0,0.0
1.32324,-1.3518809,0.0,0.0
1.3273182,-1.3427504,0.0,0.0
1.3313588,-1.3336055,0.0,0.0
1.3353616,-1.3244464,0.0,0.0
1.3393263,-1.3152732,0.0,0.0
1.3432526,-1.3060862,0.0,0.0
1.3471405,-1.2968855,0.0,0.0
1.3509896,-1.2876713,0.0,0.0
1.3548089,-1.2784217,0.0,0.0
1.3585921,-1.2691507,0.0,0.0
1.3623358,-1.2598668,0.0,0.0
1.3660396,-1.25057,0.0,0.0
1.3697035,-1.2412607,0.0,0.0
1.3733272,-1.231939,0.0,0.0
1.3769106,-1.2226052,0.0,0.0
1.3804534,-1.2132593,0.0,0.0
1.3839555,-1.2039017,0.0,0.0
1.3874166,-1.1945325,0.0,0.0
1.3908366,-1.185152,0.0,0.0
1.3942152,-1.1757603,0.0,0.0
1.3975603,-1.1663353,0.0,0.0
1.4008705,-1.1568793,0.0,0.0
1.4041384,-1.1474126,0.0,0.0
1.407364,-1.1379356,0.0,0.0
1.410547,-1.1284484,0.0,0.0
1.4136873,-1.1189513,0.0,0.0
1.4167847,-1.1094445,0.0,0.0
1.419839,-1.0999283,0.0,0.0
1.4228501,-1.0904028,0.0,0.0
1.4258179,-1.0808683,0.0,0.0
1.4287421,-1.071325,0.0,0.0
1.4316226,-1.0617731,0.0,0.0
1.4344651,-1.0521927,0.0,0.0
1.4372733,-1.0425703,0.0,0.0
1.4400368,-1.0329399,0.0,0.0
1.4427556,-1.0233018,0.0,0.0
1.4454294,-1.0136562,0.0,0.0
1.4480582,-1.0040035,0.0,0.0
1.4506418,-0.9943438,0.0,0.0
1.4531801,-0.9846774,0.0,0.0
1.4556729,-0.9750045,0.0,0.0
1.4581202,-0.9653254,0.0,0.0
1.4605218,-0.9556404,0.0,0.0
1.4628776,-0.9459497,0.0,0.0
1.4651918,-0.9362347,0.0,0.0
1.4674703,-0.9264686,0.0,0.0
1.4697021,-0.9166974,0.0,0.0
1.4718869,-0.9069215,0.0,0.0
1.4740248,-0.8971411,0.0,0.0
1.4761156,-0.8873565,0.0,0.0
1.4781592,-0.877568,0.0,0.0
1.4801556,-0.8677758,0.0,0.0
1.4821046,-0.8579801,0.0,0.0
1.4840061,-0.8481814,0.0,0.0
1.48586,-0.8383798,0.0,0.0
1.4876664,-0.8285755,0.0,0.0
1.4894287,-0.8187476,0.0,0.0
1.4911522,-0.8088644,0.0,0.0
1.492827,-0.7989794,0.0,0.0
1.4944532,-0.7890929,0.0,0.0
1.4960307,-0.7792052,0.0,0.0
1.4975594,-0.7693165,0.0,0.0
1.4990393,-0.7594272,0.0,0.0
1.5004702,-0.7495374,0.0,0.0
1.5018523,-0.7396476,0.0,0.0
1.5031854,-0.729758,0.0,0.0
1.5044694,-0.7198689,0.0,0.0
1.5057043,-0.7099806,0.0,0.0
1.5068938,-0.7000619,0.0,0.0
1.5080397,-0.6900921,0.0,0.0
1.5091355,-0.680124,0.0,0.0
1.5101813,-0.6701578,0.0,0.0
1.511177,-0.6601939,0.0,0.0
1.5121227,-0.6502327,0.0,0.0
1.5130183,-0.6402743,0.0,0.0
1.5138639,-0.6303192,0.0,0.0
1.5146593,-0.6203675,0.0,0.0
1.5154047,-0.6104197,0.0,0.0
1.5160999,-0.600476,0.0,0.0
1.516745,-0.5905367,0.0,0.0
1.5173431,-0.5805497,0.0,0.0
1.5178926,-0.570527,0.0,0.0
1.5183911,-0.5605097,0.0,0.0
1.5188386,-0.5504982,0.0,0.0
1.5192352,-0.5404928,0.0,0.0
1.519581,-0.5304938,0.0,0.0
1.5198758,-0.5205016,0.0,0.0
1.5201199,-0.5105164,0.0,0.0
1.5203132,-0.5005387,0.0,0.0
1.5204558,-0.4905686,0.0,0.0
1.5205477,-0.4806066,0.0,0.0
1.5205889,-0.4706529,0.0,0.0
1.5205793,-0.4606192,0.0,0.0
1.5205181,-0.4505802,0.0,0.0
1.5204054,-0.4405507,0.0,0.0
1.5202413,-0.430531,0.0,0.0
1.5200259,-0.4205216,0.0,0.0
1.5197594,-0.4105227,0.0,0.0
1.5194417,-0.4005347,0.0,0.0
1.519073,-0.3905579,0.0,0.0
1.5186534,-0.3805927,0.0,0.0
1.518183,-0.3706394,0.0,0.0
1.5176619,-0.3606983,0.0,0.0
1.5170883,-0.350738,0.0,0.0
1.5164584,-0.3407081,0.0,0.0
1.5157769,-0.3306917,0.0,0.0
1.5150441,-0.3206892,0.0,0.0
1.51426,-0.310701,0.0,0.0
1.5134249,-0.3007274,0.0,0.0
1.5125389,-0.2907688,0.0,0.0
1.511602,-0.2808256,0.0,0.0
1.5106146,-0.270898,0.0,0.0
1.5095767,-0.2609864,0.0,0.0
1.5084884,-0.2510913,0.0,0.0
1.5073501,-0.2412128,0.0,0.0
1.5061487,-0.2312459,0.0,0.0
1.5048936,-0.2212749,0.0,0.0
1.5035876,-0.2113221,0.0,0.0
1.502231,-0.2013879,0.0,0.0
1.5008239,-0.1914727,0.0,0.0
1.4993666,-0.1815769,0.0,0.0
1.4978592,-0.1717009,0.0,0.0
1.4963021,-0.1618449,0.0,0.0
1.4946954,-0.1520094,0.0,0.0
1.4930393,-0.1421948,0.0,0.0
1.491334,-0.1324014,0.0,0.0
1.4895662,-0.1225544,0.0,0.0
1.4877361,-0.1126614,0.0,0.0
1.4858562,-0.1027914,0.0,0.0
1.4839267,-0.0929448,0.0,0.0
1.4819479,-0.0831219,0.0,0.0
1.4799202,-0.0733232,0.0,0.0
1.4778438,-0.0635489,0.0,0.0
1.475719,-0.0537995,0.0,0.0
1.4735461,-0.0440753,0.0,0.0
1.4713253,-0.0343768,0.0,0.0
1.469057,-0.0247043,0.0,0.0
1.4667263,-0.0149957,0.0,0.0
1.4643232,-0.0052143,0.0,0.0
1.4618719,0.0045391,0.0,0.0
1.4593728,0.014264,0.0,0.0
1.4568262,0.02396,0.0,0.0
1.4542325,0.0336267,0.0,0.0
1.4515922,0.0432638,0.0,0.0
1.4489054,0.0528709,0.0,0.0
1.4461727,0.0624475,0.0,0.0
1.4433943,0.0719932,0.0,0.0
1.4405706,0.0815078,0.0,0.0
1.4376777,0.0910704,0.0,0.0
1.4347066,0.1007061,0.0,0.0
1.4316897,0.1103082,0.0,0.0
1.4286274,0.1198761,0.0,0.0
1.4255202,0.1294095,0.0,0.0
1.4223685,0.1389081,0.0,0.0
1.4191728,0.1483713,0.0,0.0
1.4159334,0.1577988,0.0,0.0
1.4126509,0.1671901,0.0,0.0
1.4093257,0.176545,0.0,0.0
1.4059583,0.1858629,0.0,0.0
1.4024951,0.1952892,0.0,0.0
1.3989641,0.2047434,0.0,0.0
1.3953904,0.2141577,0.0,0.0
1.3917746,0.2235316,0.0,0.0
1.3881172,0.2328647,0.0,0.0
1.3844188,0.2421566,0.0,0.0
1.3806799,0.251407,0.0,0.0
1.376901,0.2606153,0.0,0.0
1.3730827,0.2697812,0.0,0.0
1.3692256,0.2789042,0.0,0.0
1.3653108,0.2880287,0.0,0.0
1.3612702,0.2973088,0.0,0.0
1.3571905,0.3065424,0.0,0.0
1.3530722,0.315729,0.0,0.0
1.3489161,0.3248681,0.0,0.0
1.3447228,0.3339595,0.0,0.0
1.3404929,0.3430025,0.0,0.0
1.3362271,0.3519968,0.0,0.0
1.3319261,0.360942,0.0,0.0
1.3275905,0.3698376,0.0,0.0
1.3232209,0.3786831,0.0,0.0
1.3186823,0.3877478,0.0,0.0
1.3141029,0.3967704,0.0,0.0
1.3094896,0.4057384,0.0,0.0
1.3048433,0.4146513,0.0,0.0
1.3001647,0.4235086,0.0,0.0
1.2954546,0.4323099,0.0,0.0
1.2907138,0.4410547,0.0,0.0
1.285943,0.4497427,0.0,0.0
1.2811432,0.4583732,0.0,0.0
1.2763057,0.4669623,0.0,0.0
1.2712638,0.4758008,0.0,0.0
1.2661933,0.4845761,0.0,0.0
1.2610949,0.4932877,0.0,0.0
1.2559699,0.5019351,0.0,0.0
1.2508191,0.5105178,0.0,0.0
1.2456435,0.5190354,0.0,0.0
1.2404441,0.5274874,0.0,0.0
1.2352219,0.5358733,0.0,0.0
1.2299779,0.5441928,0.0,0.0
1.2245907,0.5526358,0.0,0.0
1.2190635,0.5611918,0.0,0.0
1.2135161,0.5696736,0.0,0.0
1.2079497,0.5780808,0.0,0.0
1.2023656,0.586413,0.0,0.0
1.1967651,0.5946696,0.0,0.0
1.1911495,0.6028502,0.0,0.0
1.1855202,0.6109544,0.0,0.0
1.1798785,0.6189818,0.0,0.0
1.1741065,0.6270983,0.0,0.0
1.1681313,0.6354004,0.0,0.0
1.1621468,0.6436155,0.0,0.0
1.1561546,0.6517432,0.0,0.0
1.1501562,0.659783,0.0,0.0
1.1441533,0.6677346,0.0,0.0
1.1381475,0.6755974,0.0,0.0
1.1321404,0.6833711,0.0,0.0
1.1261334,0.6910552,0.0,0.0
1.1198355,0.6990174,0.0,0.0
1.1134348,0.7070126,0.0,0.0
1.1070401,0.7149045,0.0,0.0
1.1006532,0.7226928,0.0,0.0
1.0942762,0.730377,0.0,0.0
1.0879109,0.7379568,0.0,0.0
1.0815592,0.7454318,0.0,0.0
1.0752232,0.7528015,0.0,0.0
1.0685882,0.7604273,0.0,0.0
1.0617845,0.7681509,0.0,0.0
1.0550062,0.7757504,0.0,0.0
1.0482556,0.7832255,0.0,0.0
1.0415353,0.7905759,0.0,0.0
1.0348476,0.7978012,0.0,0.0
1.028195,0.8049012,0.0,0.0
1.0215037,0.8119552,0.0,0.0
1.0142894,0.8194637,0.0,0.0
1.0071266,0.8268201,0.0,0.0
1.0000183,0.8340243,0.0,0.0
0.9929679,0.8410762,0.0,0.0
0.9859785,0.8479755,0.0,0.0
0.9790534,0.8547222,0.0,0.0
0.971967,0.8615344,0.0,0.0
0.964377,0.8687285,0.0,0.0
0.9568801,0.8757313,0.0,0.0
0.9494807,0.882543,0.0,0.0
0.9421832,0.8891638,0.0,0.0
0.934992,0.895594,0.0,0.0
0.9277324,0.9019906,0.0,0.0
0.91975,0.9089141,0.0,0.0
0.9119259,0.9155886,0.0,0.0
0.9042666,0.9220154,0.0,0.0
0.8967786,0.9281959,0.0,0.0
0.8894683,0.9341313,0.0,0.0
0.8812246,0.9407072,0.0,0.0
0.8730498,0.9471052,0.0,0.0
0.8651547,0.9531679,0.0,0.0
0.8575492,0.9588995,0.0,0.0
0.8496013,0.9647748,0.0,0.0
0.8409823,0.9710142,0.0,0.0
0.8328607,0.9767701,0.0,0.0
0.8252537,0.9820557,0.0,0.0
0.8164554,0.9880483,0.0,0.0
0.8080571,0.9936659,0.0,0.0
0.800448,0.9987024,0.0,0.0
0.7913698,1.0047563,0.0,0.0
0.7834956,1.0104305,0.0,0.0
0.7785719,1.0176369,0.0,0.0
0.7863917,1.0233821,0.0,0.0
0.794983,1.0277644,0.0,0.0
0.8036883,1.0329418,0.0,0.0
0.8118543,1.0390612,0.0,0.0
0.8189126,1.0459441,0.0,0.0
0.8250371,1.0540366,0.0,0.0
0.8295562,1.0626773,0.0,0.0
0.8326155,1.0722413,0.0,0.0
0.8339665,1.0820178,0.0,0.0
0.833753,1.0916816,0.0,0.0
0.8319755,1.1019945,0.0,0.0
0.8291571,1.111067,0.0,0.0
0.8253389,1.1198898,0.0,0.0
0.8203357,1.12896,0.0,0.0
0.8145335,1.1376317,0.0,0.0
0.8089153,1.1448616,0.0,0.0
0.8025008,1.1521358,0.0,0.0
0.7952557,1.159417,0.0,0.0
0.7871455,1.1666678,0.0,0.0
0.7797179,1.1726479,0.0,0.0
0.7721972,1.1781821,0.0,0.0
0.7641292,1.1836337,0.0,0.0
0.7555155,1.188982,0.0,0.0
0.7463579,1.1942065,0.0,0.0
0.736658,1.1992868,0.0,0.0
0.7282933,1.2033356,0.0,0.0
0.7196596,1.2072316,0.0,0.0
0.7106908,1.2110088,0.0,0.0
0.7013985,1.2146628,0.0,0.0
0.691794,1.2181886,0.0,0.0
0.6818887,1.2215817,0.0,0.0
0.6716941,1.2248375,0.0,0.0
0.6624253,1.2276046,0.0,0.0
0.6532083,1.2301858,0.0,0.0
0.6437969,1.2326562,0.0,0.0
0.6341969,1.2350133,0.0,0.0
0.624414,1.2372543,0.0,0.0
0.6144541,1.2393769,0.0,0.0
0.604323,1.2413785,0.0,0.0
0.5940264,1.2432564,0.0,0.0
0.5841417,1.2449165,0.0,0.0
0.5746011,1.2463907,0.0,0.0
0.56494,1.2477596,0.0,0.0
0.5551628,1.2490219,0.0,0.0
0.5452738,1.2501764,0.0,0.0
0.5352775,1.2512218,0.0,0.0
0.5251783,1.2521566,0.0,0.0
0.5149805,1.2529796,0.0,0.0
0.5046886,1.2536896,0.0,0.0
0.4945622,1.2542719,0.0,0.0
0.4848243,1.2547251,0.0,0.0
0.4750156,1.2550773,0.0,0.0
0.4651392,1.2553277,0.0,0.0
0.4551986,1.2554755,0.0,0.0
0.4451969,1.2555199,0.0,0.0
0.4351374,1.2554602,0.0,0.0
0.4250234,1.2552953,0.0,0.0
0.4148581,1.2550246,0.0,0.0
0.4046449,1.2546473,0.0,0.0
0.3946124,1.2541742,0.0,0.0
0.384787,1.253613,0.0,0.0
0.3749262,1.2529529,0.0,0.0
0.3650325,1.2521934,0.0,0.0
0.3551087,1.2513341,0.0,0.0
0.3451571,1.2503745,0.0,0.0
0.3351804,1.2493141,0.0,0.0
0.3251811,1.2481525,0.0,0.0
0.3151617,1.2468893,0.0,0.0
0.3051249,1.245524,0.0,0.0
0.2951098,1.2440616,0.0,0.0
0.2853339,1.2425375,0.0,0.0
0.2755483,1.240916,0.0,0.0
0.265755,1.2391969,0.0,0.0
0.255956,1.2373799,0.0,0.0
0.2461533,1.2354649,0.0,0.0
0.236349,1.2334516,0.0,0.0
0.2265451,1.2313399,0.0,0.0
0.2167436,1.2291294,0.0,0.0
0.2069465,1.22682,0.0,0.0
0.1971558,1.2244115,0.0,0.0
0.1874517,1.2219241,0.0,0.0
0.1778449,1.2193624,0.0,0.0
0.1682497,1.2167047,0.0,0.0
0.1586675,1.2139507,0.0,0.0
0.1491,1.2111006,0.0,0.0
0.1395488,1.2081542,0.0,0.0
0.1300154,1.2051117,0.0,0.0
0.1205015,1.2019728,0.0,0.0
0.1110085,1.1987378,0.0,0.0
0.1015382,1.1954064,0.0,0.0
0.092092,1.1919787,0.0,0.0
0.0827326,1.188478,0.0,0.0
0.0734353,1.184896,0.0,0.0
0.0641656,1.18122,0.0,0.0
0.0549248,1.1774501,0.0,0.0
0.0457141,1.1735864,0.0,0.0
0.0365346,1.1696291,0.0,0.0
0.0273875,1.1655784,0.0,0.0
0.0182739,1.1614345,0.0,0.0
0.0091952,1.1571975,0.0,0.0
0.0001523,1.1528676,0.0,0.0
-0.0088534,1.1484449,0.0,0.0
-0.0177718,1.1439547,0.0,0.0
-0.0266287,1.1393852,0.0,0.0
-0.0354463,1.1347251,0.0,0.0
-0.0442237,1.129975,0.0,0.0
-0.0529602,1.1251351,0.0,0.0
-0.0616549,1.1202058,0.0,0.0
-0.0703072,1.1151874,0.0,0.0
-0.0789163,1.1100802,0.0,0.0
-0.0874812,1.1048847,0.0,0.0
-0.0960014,1.0996012,0.0,0.0
-0.1044759,1.0942299,0.0,0.0
-0.1128541,1.088804,0.0,0.0
-0.1211584,1.0833106,0.0,0.0
-0.1294162,1.0777324,0.0,0.0
-0.137627,1.0720699,0.0,0.0
-0.1457906,1.0663237,0.0,0.0
-0.1539064,1.0604942,0.0,0.0
-0.161974,1.054582,0.0,0.0
-0.1699931,1.0485875,0.0,0.0
-0.1779632,1.0425112,0.0,0.0
-0.1858839,1.0363538,0.0,0.0
-0.1937549,1.0301156,0.0,0.0
-0.2015275,1.0238364,0.0,0.0
-0.2092024,1.0175184,0.0,0.0
-0.216828,1.0111233,0.0,0.0
-0.2244043,1.0046519,0.0,0.0
-0.2319312,0.9981047,0.0,0.0
-0.2394086,0.9914824,0.0,0.0
-0.2468365,0.9847856,0.0,0.0
-0.2542147,0.978015,0.0,0.0
-0.2615432,0.9711713,0.0,0.0
-0.2688219,0.9642551,0.0,0.0
-0.2760509,0.957267,0.0,0.0
-0.2832053,0.950232,0.0,0.0
-0.2902226,0.9432153,0.0,0.0
-0.2971917,0.936131,0.0,0.0
-0.3041129,0.9289799,0.0,0.0
-0.3109864,0.9217627,0.0,0.0
-0.3178125,0.9144801,0.0,0.0
-0.3245912,0.9071329,0.0,0.0
-0.3313229,0.8997219,0.0,0.0
-0.3380078,0.8922478,0.0,0.0
-0.3446461,0.8847113,0.0,0.0
-0.351238,0.8771132,0.0,0.0
-0.3577837,0.8694543,0.0,0.0
-0.364195,0.861841,0.0,0.0
-0.3705336,0.8542045,0.0,0.0
-0.3768287,0.8465118,0.0,0.0
-0.3830807,0.8387635,0.0,0.0
-0.3892901,0.8309605,0.0,0.0
-0.3954573,0.8231036,0.0,0.0
-0.4015828,0.8151936,0.0,0.0
-0.407667,0.8072314,0.0,0.0
-0.4137104,0.7992178,0.0,0.0
-0.4197133,0.7911535,0.0,0.0
-0.4256762,0.7830395,0.0,0.0
-0.4315907,0.7748887,0.0,0.0
-0.4373671,0.7668293,0.0,0.0
-0.4431064,0.7587243,0.0,0.0
-0.4488092,0.7505747,0.0,0.0
-0.4544761,0.7423812,0.0,0.0
-0.4601078,0.7341447,0.0,0.0
-0.4657047,0.7258661,0.0,0.0
-0.4712675,0.7175462,0.0,0.0
-0.4767969,0.7091859,0.0,0.0
-0.4822933,0.700786,0.0,0.0
-0.4877574,0.6923474,0.0,0.0
-0.4931898,0.683871,0.0,0.0
-0.4985742,0.6753842,0.0,0.0
-0.5038562,0.6669768,0.0,0.0
-0.5091094,0.6585353,0.0,0.0
-0.5143345,0.6500606,0.0,0.0
-0.5195321,0.6415535,0.0,0.0
-0.5247029,0.6330149,0.0,0.0
-0.5298476,0.6244457,0.0,0.0
-0.534967,0.6158467,0.0,0.0
-0.5400617,0.6072189,0.0,0.0
-0.5451323,0.598563,0.0,0.0
-0.5501796,0.5898799,0.0,0.0
-0.5552043,0.5811706,0.0,0.0
-0.5602009,0.5724465,0.0,0.0
-0.5651186,0.5637995,0.0,0.0
-0.5700164,0.5551294,0.0,0.0
-0.574895,0.5464372,0.0,0.0
-0.5797549,0.5377235,0.0,0.0
-0.5845971,0.5289894,0.0,0.0
-0.5894222,0.5202356,0.0,0.0
-0.594231,0.511463,0.0,0.0
-0.5990241,0.5026725,0.0,0.0
-0.6038024,0.4938649,0.0,0.0
-0.6085665,0.485041,0.0,0.0
-0.6133171,0.4762019,0.0,0.0
-0.6180551,0.4673482,0.0,0.0
-0.6227506,0.4585382,0.0,0.0
-0.6274294,0.4497261,0.0,0.0
-0.6320979,0.4409022,0.0,0.0
-0.6367568,0.4320675,0.0,0.0
-0.6414069,0.4232226,0.0,0.0
-0.6460488,0.4143685,0.0,0.0
-0.6506833,0.405506,0.0,0.0
-0.6553111,0.3966359,0.0,0.0
-0.659933,0.3877592,0.0,0.0
-0.6645496,0.3788765,0.0,0.0
-0.6691618,0.3699887,0.0,0.0
-0.6737703,0.3610968,0.0,0.0
-0.6783717,0.3522092,0.0,0.0
-0.6829668,0.3433268,0.0,0.0
-0.6875603,0.3344427,0.0,0.0
-0.6921529,0.3255576,0.0,0.0
-0.6967453,0.3166724,0.0,0.0
-0.7013382,0.3077879,0.0,0.0
-0.7059323,0.2989049,0.0,0.0
-0.7105283,0.2900242,0.0,0.0
-0.7151268,0.2811466,0.0,0.0
-0.7197287,0.2722729,0.0,0.0
-0.7243345,0.263404,0.0,0.0
-0.728945,0.2545405,0.0,0.0
-0.7335635,0.2456784,0.0,0.0
-0.738205,0.2367909,0.0,0.0
-0.7428533,0.2279113,0.0,0.0
-0.747509,0.2190405,0.0,0.0
-0.7521727,0.2101792,0.0,0.0
-0.756845,0.2013281,0.0,0.0
-0.7615266,0.192488,0.0,0.0
-0.766218,0.1836597,0.0,0.0
-0.77092,0.174844,0.0,0.0
-0.7756332,0.1660416,0.0,0.0
-0.7803582,0.1572532,0.0,0.0
-0.7850956,0.1484797,0.0,0.0
-0.789846,0.1397218,0.0,0.0
-0.7946482,0.1309106,0.0,0.0
-0.7994731,0.1221017,0.0,0.0
-0.8043131,0.1133109,0.0,0.0
-0.8091686,0.1045389,0.0,0.0
-0.8140403,0.0957864,0.0,0.0
-0.8189286,0.0870541,0.0,0.0
-0.8238341,0.0783428,0.0,0.0
-0.8287572,0.0696531,0.0,0.0
-0.8336987,0.0609858,0.0,0.0
-0.8386589,0.0523416,0.0,0.0
-0.8436385,0.0437211,0.0,0.0
-0.8486379,0.0351251,0.0,0.0
-0.8537022,0.0264785,0.0,0.0
-0.8588145,0.0178129,0.0,0.0
-0.8639486,0.0091745,0.0,0.0
-0.8691049,0.0005639,0.0,0.0
-0.874284,-0.0080182,0.0,0.0
-0.879486,-0.0165712,0.0,0.0
-0.8847115,-0.0250946,0.0,0.0
-0.8899609,-0.0335876,0.0,0.0
-0.8952345,-0.0420496,0.0,0.0
-0.9005328,-0.0504801,0.0,0.0
-0.9058562,-0.0588783,0.0,0.0
-0.9112051,-0.0672437,0.0,0.0
-0.9166357,-0.0756618,0.0,0.0
-0.9221304,-0.0841023,0.0,0.0
-0.9276524,-0.0925071,0.0,0.0
-0.9332021,-0.1008757,0.0,0.0
-0.9387796,-0.1092074,0.0,0.0
-0.9443852,-0.1175018,0.0,0.0
-0.9500191,-0.1257584,0.0,0.0
-0.9556816,-0.1339766,0.0,0.0
-0.961373,-0.1421559,0.0,0.0
-0.9670933,-0.1502958,0.0,0.0
-0.972843,-0.1583957,0.0,0.0
-0.9786223,-0.1664552,0.0,0.0
-0.9845172,-0.1745916,0.0,0.0
-0.9904675,-0.1827186,0.0,0.0
-0.9964489,-0.1908023,0.0,0.0
-1.0024614,-0.1988423,0.0,0.0
-1.0085053,-0.2068381,0.0,0.0
-1.0145804,-0.2147893,0.0,0.0
-1.020687,-0.2226956,0.0,0.0
-1.0268251,-0.2305567,0.0,0.0
-1.0329947,-0.238372,0.0,0.0
-1.039196,-0.2461413,0.0,0.0
-1.0454289,-0.2538642,0.0,0.0
-1.0517151,-0.2615663,0.0,0.0
-1.0581333,-0.2693414,0.0,0.0
-1.0645843,-0.2770672,0.0,0.0
-1.0710681,-0.2847435,0.0,0.0
-1.0775845,-0.2923701,0.0,0.0
-1.0841333,-0.2999467,0.0,0.0
-1.0907145,-0.3074731,0.0,0.0
-1.0973278,-0.314949,0.0,0.0
-1.1039731,-0.3223743,0.0,0.0
-1.1106503,-0.3297487,0.0,0.0
-1.1173592,-0.3370719,0.0,0.0
-1.1240997,-0.3443437,0.0,0.0
-1.1309717,-0.3516701,0.0,0.0
-1.1379018,-0.3589704,0.0,0.0
-1.1448641,-0.3662172,0.0,0.0
-1.1518583,-0.3734105,0.0,0.0
-1.1588842,-0.3805504,0.0,0.0
-1.1659417,-0.3876369,0.0,0.0
-1.1730305,-0.39467,0.0,0.0
-1.1801504,-0.4016499,0.0,0.0
-1.1873011,-0.4085765,0.0,0.0
-1.1944825,-0.4154499,0.0,0.0
-1.2016943,-0.4222701,0.0,0.0
-1.2090125,-0.429108,0.0,0.0
-1.2164079,-0.4359348,0.0,0.0
-1.2238334,-0.4427067,0.0,0.0
-1.2312883,-0.4494238,0.0,0.0
-1.2387718,-0.4560862,0.0,0.0
-1.2462834,-0.462694,0.0,0.0
-1.2538223,-0.4692472,0.0,0.0
-1.2613878,-0.4757459,0.0,0.0
-1.2689794,-0.4821901,0.0,0.0
-1.2765962,-0.4885798,0.0,0.0
-1.2842376,-0.4949152,0.0,0.0
-1.2919883,-0.5012658,0.0,0.0
-1.2998127,-0.5076011,0.0,0.0
-1.3076608,-0.5138807,0.0,0.0
-1.315532,-0.5201047,0.0,0.0
-1.3234259,-0.5262734,0.0,0.0
-1.3313419,-0.5323871,0.0,0.0
-1.3392795,-0.538446,0.0,0.0
-1.3472382,-0.5444504,0.0,0.0
-1.3552175,-0.5504005,0.0,0.0
-1.3632168,-0.5562966,0.0,0.0
-1.3712356,-0.5621389,0.0,0.0
-1.3793865,-0.5680086,0.0,0.0
-1.3875794,-0.5738398,0.0,0.0
-1.3957915,-0.5796166,0.0,0.0
-1.4040227,-0.5853395,0.0,0.0
-1.4122727,-0.591009,0.0,0.0
-1.4205413,-0.5966255,0.0,0.0
-1.4288284,-0.6021895,0.0,0.0
-1.4371337,-0.6077016,0.0,0.0
-1.445457,-0.6131622,0.0,0.0
-1.4537982,-0.6185718,0.0,0.0
-1.4621806,-0.6239458,0.0,0.0
-1.4706679,-0.6293245,0.0,0.0
-1.4791728,-0.6346523,0.0,0.0
-1.4876955,-0.6399297,0.0,0.0
-1.4962355,-0.6451571,0.0,0.0
-1.5047929,-0.6503351,0.0,0.0
-1.5133674,-0.655464,0.0,0.0
-1.5219588,-0.6605444,0.0,0.0
-1.5305671,-0.6655767,0.0,0.0
-1.539192,-0.6705614,0.0,0.0
-1.5478333,-0.675499,0.0,0.0
-1.556549,-0.6804225,0.0,0.0
-1.5653024,-0.6853111,0.0,0.0
-1.5740724,-0.690153,0.0,0.0
-1.5828589,-0.6949488,0.0,0.0
-1.5916618,-0.6996989,0.0,0.0
-1.6004812,-0.7044037,0.0,0.0
-1.6093171,-0.7090637,0.0,0.0
-1.6181693,-0.7136794,0.0,0.0
-1.6270379,-0.7182512,0.0,0.0
-1.6359229,-0.7227796,0.0,0.0
-1.6448386,-0.7272722,0.0,0.0
-1.6537982,-0.7317356,0.0,0.0
-1.6627744,-0.7361565,0.0,0.0
-1.6717674,-0.7405351,0.0,0.0
-1.6807772,-0.7448719,0.0,0.0
-1.689804,-0.7491671,0.0,0.0
-1.698848,-0.7534213,0.0,0.0
-1.7079092,-0.7576347,0.0,0.0
-1.7169877,-0.7618078,0.0,0.0
-1.7260837,-0.7659408,0.0,0.0
-1.7351973,-0.7700342,0.0,0.0
-1.7443263,-0.7740872,0.0,0.0
-1.7534732,-0.7781013,0.0,0.0
-1.7626383,-0.7820765,0.0,0.0
-1.7718219,-0.7860133,0.0,0.0
-1.7810243,-0.7899117,0.0,0.0
-1.7902456,-0.793772,0.0,0.0
-1.7994861,-0.7975945,0.0,0.0
-1.8087461,-0.8013793,0.0,0.0
-1.8180259,-0.8051268,0.0,0.0
-1.8273256,-0.8088371,0.0,0.0
-1.8366111,-0.812497,0.0,0.0
-1.8458996,-0.8161137,0.0,0.0
-1.8552089,-0.8196939,0.0,0.0
-1.8645391,-0.8232379,0.0,0.0
-1.8738907,-0.8267455,0.0,0.0
-1.883264,-0.830217,0.0,0.0
-1.8926593,-0.8336522,0.0,0.0
-1.902077,-0.8370512,0.0,0.0
-1.9115174,-0.8404141,0.0,0.0
-1.9209809,-0.843741,0.0,0.0
-1.9304402,-0.8470223,0.0,0.0
-1.939848,-0.8502421,0.0,0.0
-1.9492793,-0.8534265,0.0,0.0
-1.9587345,-0.8565751,0.0,0.0
-1.9682141,-0.8596879,0.0,0.0
-1.9777183,-0.8627646,0.0,0.0
-1.9872474,-0.865805,0.0,0.0
-1.996802,-0.8688089,0.0,0.0
-2.0063822,-0.8717762,0.0,0.0
-2.0159885,-0.8747065,0.0,0.0
-2.0256212,-0.8775998,0.0,0.0
-2.0351677,-0.8804227,0.0,0.0
-2.0447043,-0.8831983,0.0,0.0
-2.0542673,-0.8859369,0.0,0.0
-2.0638571,-0.888638,0.0,0.0
-2.073474,-0.8913013,0.0,0.0
-2.0831182,-0.8939262,0.0,0.0
-2.09279,-0.8965123,0.0,0.0
-2.1024897,-0.8990591,0.0,0.0
-2.1122175,-0.9015662,0.0,0.0
-2.1219737,-0.9040331,0.0,0.0
-2.1317439,-0.9064557,0.0,0.0
-2.1413728,-0.9087964,0.0,0.0
-2.1510297,-0.9110967,0.0,0.0
-2.1607147,-0.913356,0.0,0.0
-2.1704278,-0.9155735,0.0,0.0
-2.1801693,-0.9177485,0.0,0.0
-2.1899391,-0.9198802,0.0,0.0
-2.1997374,-0.921968,0.0,0.0
-2.2095642,-0.9240112,0.0,0.0
-2.2194198,-0.9260088,0.0,0.0
-2.2293041,-0.9279604,0.0,0.0
-2.2391769,-0.9298574,0.0,0.0
-2.2489149,-0.9316771,0.0,0.0
-2.2586806,-0.9334503,0.0,0.0
-2.2684737,-0.9351764,0.0,0.0
-2.2782943,-0.9368544,0.0,0.0
-2.2881421,-0.9384837,0.0,0.0
-2.298017,-0.9400635,0.0,0.0
-2.307919,-0.9415929,0.0,0.0
-2.3178478,-0.9430714,0.0,0.0
-2.3278033,-0.944498,0.0,0.0
-2.3377855,-0.945872,0.0,0.0
-2.3477754,-0.9471902,0.0,0.0
-2.3576015,-0.9484312,0.0,0.0
-2.3674526,-0.9496203,0.0,0.0
-2.3773284,-0.9507574,0.0,0.0
-2.3872286,-0.9518423,0.0,0.0
-2.397153,-0.952875,0.0,0.0
-2.4071012,-0.9538554,0.0,0.0
-2.417073,-0.9547835,0.0,0.0
-2.4270681,-0.9556591,0.0,0.0
-2.4370862,-0.956482,0.0,0.0
-2.4471271,-0.9572524,0.0,0.0
-2.4571904,-0.95797,0.0,0.0
-2.4671139,-0.9586244,0.0,0.0
-2.4770035,-0.9592244,0.0,0.0
-2.4869146,-0.9597737,0.0,0.0
-2.4968473,-0.960272,0.0,0.0
-2.5068018,-0.9607194,0.0,0.0
-2.5167784,-0.9611157,0.0,0.0
-2.5267771,-0.9614608,0.0,0.0
-2.5367981,-0.9617546,0.0,0.0
-2.5468417,-0.9619971,0.0,0.0
-2.556908,-0.9621881,0.0,0.0
-2.5669971,-0.9623276,0.0,0.0
-2.5770768,-0.9624152,0.0,0.0
-2.5869965,-0.9624513,0.0,0.0
-2.5969363,-0.9624382,0.0,0.0
-2.6068943,-0.9623761,0.0,0.0
-2.6168688,-0.9622654,0.0,0.0
-2.6268579,-0.9621063,0.0,0.0
-2.6368597,-0.961899,0.0,0.0
-2.6468724,-0.961644,0.0,0.0
-2.6568942,-0.9613414,0.0,0.0
-2.6669232,-0.9609916,0.0,0.0
-2.6769576,-0.9605948,0.0,0.0
-2.6869955,-0.9601514,0.0,0.0
-2.6970282,-0.9596619,0.0,0.0
-2.7070446,-0.9591271,0.0,0.0
-2.7170586,-0.9585465,0.0,0.0
-2.7270678,-0.95792,0.0,0.0
-2.7370701,-0.9572476,0.0,0.0
-2.7470633,-0.9565295,0.0,0.0
-2.757045,-0.9557656,0.0,0.0
-2.767013,-0.954956,0.0,0.0
-2.7769652,-0.9541008,0.0,0.0
-2.7868993,-0.9532,0.0,0.0
-2.796813,-0.9522537,0.0,0.0
-2.8067042,-0.9512618,0.0,0.0
-2.8166575,-0.9502152,0.0,0.0
-2.8266973,-0.9491094,0.0,0.0
-2.8367098,-0.9479556,0.0,0.0
-2.8466949,-0.9467535,0.0,0.0
-2.8566527,-0.9455026,0.0,0.0
-2.8665829,-0.9442025,0.0,0.0
-2.8764855,-0.9428527,0.0,0.0
-2.8863604,-0.9414528,0.0,0.0
-2.8962075,-0.9400023,0.0,0.0
-2.9060267,-0.9385008,0.0,0.0
-2.9158179,-0.9369479,0.0,0.0
-2.9255811,-0.9353431,0.0,0.0
-2.9355056,-0.9336532,0.0,0.0
-2.945448,-0.9319003,0.0,0.0
-2.9553593,-0.9300925,0.0,0.0
-2.9652387,-0.9282299,0.0,0.0
-2.9750853,-0.9263125,0.0,0.0
-2.9848982,-0.9243404,0.0,0.0
-2.9946767,-0.9223136,0.0,0.0
-3.0044199,-0.9202323,0.0,0.0
-3.0141269,-0.9180964,0.0,0.0
-3.0237969,-0.915906,0.0,0.0
-3.033429,-0.9136613,0.0,0.0
-3.0431438,-0.9113326,0.0,0.0
-3.0529723,-0.9089099,0.0,0.0
-3.0627587,-0.9064299,0.0,0.0
-3.0725025,-0.903893,0.0,0.0
-3.0822032,-0.9012993,0.0,0.0
-3.0918603,-0.8986491,0.0,0.0
-3.1014735,-0.8959426,0.0,0.0
-3.1110421,-0.8931799,0.0,0.0
-3.1205658,-0.8903614,0.0,0.0
-3.1300441,-0.8874872,0.0,0.0
-3.1394764,-0.8845576,0.0,0.0
-3.1489801,-0.8815349,0.0,0.0
-3.1586116,-0.878398,0.0,0.0
-3.1681931,-0.8752033,0.0,0.0
-3.1777241,-0.8719512,0.0,0.0
-3.1872043,-0.8686424,0.0,0.0
-3.1966333,-0.8652773,0.0,0.0
-3.2060108,-0.8618566,0.0,0.0
-3.2153365,-0.8583808,0.0,0.0
-3.2246098,-0.8548504,0.0,0.0
-3.2338306,-0.851266,0.0,0.0
-3.2429985,-0.847628,0.0,0.0
-3.2523194,-0.8438527,0.0,0.0
-3.261674,-0.8399854,0.0,0.0
-3.2709716,-0.8360632,0.0,0.0
-3.2802119,-0.832087,0.0,0.0
-3.2893951,-0.8280575,0.0,0.0
-3.2985209,-0.8239757,0.0,0.0
-3.3075894,-0.8198423,0.0,0.0
-3.3166004,-0.8156582,0.0,0.0
-3.3255539,-0.8114241,0.0,0.0
-3.3344498,-0.807141,0.0,0.0
-3.3433836,-0.8027624,0.0,0.0
-3.3524507,-0.7982387,0.0,0.0
-3.3614564,-0.7936656,0.0,0.0
-3.370401,-0.7890442,0.0,0.0
-3.3792846,-0.7843756,0.0,0.0
-3.3881075,-0.779661,0.0,0.0
-3.3968697,-0.7749014,0.0,0.0
-3.4055716,-0.770098,0.0,0.0
-3.4142132,-0.7652518,0.0,0.0
-3.4227948,-0.7603641,0.0,0.0
-3.4313988,-0.7553878,0.0,0.0
-3.4401371,-0.7502561,0.0,0.0
-3.4488123,-0.7450837,0.0,0.0
-3.4574248,-0.739872,0.0,0.0
-3.4659751,-0.7346223,0.0,0.0
-3.4744635,-0.7293361,0.0,0.0
-3.4828905,-0.7240145,0.0,0.0
-3.4912565,-0.7186591,0.0,0.0
-3.499562,-0.7132711,0.0,0.0
-3.5078074,-0.7078518,0.0,0.0
-3.5161506,-0.7022973,0.0,0.0
-3.5245464,-0.6966357,0.0,0.0
-3.5328797,-0.6909451,0.0,0.0
-3.5411512,-0.6852271,0.0,0.0
-3.5493616,-0.6794832,0.0,0.0
-3.5575115,-0.6737148,0.0,0.0
-3.5656015,-0.6679234,0.0,0.0
-3.5736323,-0.6621105,0.0,0.0
-3.5816046,-0.6562777,0.0,0.0
-3.5895673,-0.6503906,0.0,0.0
-3.5976975,-0.644317,0.0,0.0
-3.6057671,-0.6382269,0.0,0.0
-3.6137769,-0.6321217,0.0,0.0
-3.6217276,-0.6260032,0.0,0.0
-3.6296199,-0.6198728,0.0,0.0
-3.6374546,-0.6137322,0.0,0.0
-3.6452324,-0.607583,0.0,0.0
-3.652954,-0.6014267,0.0,0.0
-3.6606454,-0.5952445,0.0,0.0
-3.6685393,-0.588849,0.0,0.0
-3.6763755,-0.5824507,0.0,0.0
-3.6841551,-0.576051,0.0,0.0
-3.6918795,-0.5696512,0.0,0.0
-3.6995497,-0.5632528,0.0,0.0
-3.707167,-0.556857,0.0,0.0
-3.7147326,-0.5504653,0.0,0.0
-3.7222476,-0.544079,0.0,0.0
-3.7298109,-0.5376158,0.0,0.0
-3.7375214,-0.5309912,0.0,0.0
-3.7451792,-0.5243774,0.0,0.0
-3.7527838,-0.5177759,0.0,0.0
-3.7603353,-0.5111885,0.0,0.0
-3.7678333,-0.504617,0.0,0.0
-3.7752775,-0.4980632,0.0,0.0
-3.7826679,-0.4915286,0.0,0.0
-3.7900042,-0.4850152,0.0,0.0
-3.7975598,-0.4782805,0.0,0.0
-3.8050908,-0.4715446,0.0,0.0
-3.8125753,-0.464832,0.0,0.0
-3.8200198,-0.4581417,0.0,0.0
-3.8274307,-0.4514728,0.0,0.0
-3.8348147,-0.4448245,0.0,0.0
-3.8421783,-0.4381959,0.0,0.0
-3.8495279,-0.431586,0.0,0.0
-3.8569605,-0.4249131,0.0,0.0
-3.864412,-0.4182412,0.0,0.0
-3.871869,-0.4115893,0.0,0.0
-3.8793379,-0.4049583,0.0,0.0
-3.8868252,-0.3983493,0.0,0.0
-3.8943373,-0.391763,0.0,0.0
-3.9018808,-0.3852006,0.0,0.0
-3.9094622,-0.3786629,0.0,0.0
-3.9170399,-0.3721914,0.0,0.0
-3.9246535,-0.3657548,0.0,0.0
-3.9323109,-0.3593488,0.0,0.0
-3.9400116,-0.352976,0.0,0.0
-3.9477553,-0.3466393,0.0,0.0
-3.9555414,-0.3403413,0.0,0.0
-3.9633694,-0.3340847,0.0,0.0
-3.971239,-0.3278723,0.0,0.0
-3.9791245,-0.3217264,0.0,0.0
-3.9870458,-0.3156336,0.0,0.0
-3.995009,-0.3095919,0.0,0.0
-4.0030148,-0.3036035,0.0,0.0
-4.0110637,-0.2976708,0.0,0.0
-4.0191566,-0.2917959,0.0,0.0
-4.027294,-0.285981,0.0,0.0
-4.0354766,-0.2802285,0.0,0.0
-4.0437054,-0.2745403,0.0,0.0
-4.0519801,-0.2689188,0.0,0.0
-4.0603004,-0.2633663,0.0,0.0
-4.0686661,-0.2578852,0.0,0.0
-4.077077,-0.2524776,0.0,0.0
-4.0855327,-0.2471459,0.0,0.0
-4.094033,-0.2418923,0.0,0.0
-4.1025777,-0.236719,0.0,0.0
-4.1111891,-0.231615,0.0,0.0
-4.1198537,-0.2265906,0.0,0.0
-4.1285617,-0.2216532,0.0,0.0
-4.1373123,-0.2168044,0.0,0.0
-4.146105,-0.212046,0.0,0.0
-4.1549392,-0.2073799,0.0,0.0
-4.1638142,-0.2028078,0.0,0.0
-4.1727295,-0.1983314,0.0,0.0
-4.1817197,-0.1939354,0.0,0.0
-4.1907656,-0.1896305,0.0,0.0
-4.1998499,-0.1854249,0.0,0.0
-4.2089714,-0.1813188,0.0,0.0
-4.2181294,-0.1773121,0.0,0.0
-4.2273227,-0.1734049,0.0,0.0
-4.2365504,-0.1695973,0.0,0.0
-4.2458117,-0.1658893,0.0,0.0
-4.2551373,-0.1622689,0.0,0.0
-4.2645085,-0.1587436,0.0,0.0
-4.2739106,-0.1553185,0.0,0.0
-4.2833429,-0.1519934,0.0,0.0
-4.2928042,-0.1487679,0.0,0.0
-4.3022938,-0.1456418,0.0,0.0
-4.3118107,-0.1426148,0.0,0.0
-4.3213539,-0.1396865,0.0,0.0
-4.3309461,-0.1368501,0.0,0.0
-4.3405706,-0.1341102,0.0,0.0
-4.3502188,-0.1314691,0.0,0.0
-4.3598899,-0.1289266,0.0,0.0
-4.369583,-0.1264824,0.0,0.0
-4.3792972,-0.1241363,0.0,0.0
-4.3890316,-0.1218881,0.0,0.0
-4.3987852,-0.1197377,0.0,0.0
-4.4085741,-0.1176814,0.0,0.0
-4.4183837,-0.1157221,0.0,0.0
-4.4282101,-0.1138605,0.0,0.0
-4.4380521,-0.1120964,0.0,0.0
-4.4479091,-0.1104297,0.0,0.0
-4.45778,-0.1088602,0.0,0.0
-4.4676641,-0.1073878,0.0,0.0
-4.4775603,-0.1060123,0.0,0.0
-4.4874803,-0.1047321,0.0,0.0
-4.4974116,-0.1035488,0.0,0.0
-4.5073524,-0.1024624,0.0,0.0
-4.5173019,-0.1014728,0.0,0.0
-4.5272591,-0.1005799,0.0,0.0
-4.5372231,-0.0997837,0.0,0.0
-4.547193,-0.0990839,0.0,0.0
-4.5571684,-0.0984806,0.0,0.0
-4.5671576,-0.0979733,0.0,0.0
-4.57715,-0.0975624,0.0,0.0
-4.5871447,-0.097248,0.0,0.0
-4.5971407,-0.09703,0.0,0.0
-4.6071372,-0.0969083,0.0,0.0
-4.6171331,-0.0968828,0.0,0.0
-4.6271277,-0.0969536,0.0,0.0
-4.6371216,-0.0971206,0.0,0.0
-4.6471199,-0.0973839,0.0,0.0
-4.6571141,-0.0977433,0.0,0.0
-4.6671033,-0.0981987,0.0,0.0
-4.6770864,-0.0987498,0.0,0.0
-4.6870625,-0.0993967,0.0,0.0
-4.6970308,-0.100139,0.0,0.0
-4.7069903,-0.1009767,0.0,0.0
-4.7169428,-0.1019099,0.0,0.0
-4.726891,-0.1029387,0.0,0.0
-4.7368279,-0.1040621,0.0,0.0
-4.7467526,-0.1052795,0.0,0.0
-4.7566644,-0.1065903,0.0,0.0
-4.7665623,-0.1079939,0.0,0.0
-4.7764458,-0.1094899,0.0,0.0
-4.7863138,-0.1110776,0.0,0.0
-4.796169,-0.1127571,0.0,0.0
-4.8060116,-0.1145281,0.0,0.0
-4.8158366,-0.1163891,0.0,0.0
-4.8256433,-0.1183397,0.0,0.0
-4.835431,-0.1203791,0.0,0.0
-4.845199,-0.1225068,0.0,0.0
-4.8549467,-0.124722,0.0,0.0
-4.8646733,-0.1270242,0.0,0.0
-4.8743819,-0.1294137,0.0,0.0
-4.8840711,-0.1318898,0.0,0.0
-4.8937372,-0.1344512,0.0,0.0
-4.9033795,-0.1370972,0.0,0.0
-4.9129974,-0.1398272,0.0,0.0
-4.9225903,-0.1426407,0.0,0.0
-4.9321575,-0.1455371,0.0,0.0
-4.9416984,-0.1485157,0.0,0.0
-4.9512178,-0.1515778,0.0,0.0
-4.9607118,-0.1547217,0.0,0.0
-4.9701777,-0.1579463,0.0,0.0
-4.9796147,-0.1612509,0.0,0.0
-4.9890223,-0.164635,0.0,0.0
-4.9983998,-0.168098,0.0,0.0
-5.0077468,-0.1716392,0.0,0.0
-5.0170626,-0.1752582,0.0,0.0
-5.026355,-0.1789577,0.0,0.0
-5.0356165,-0.1827344,0.0,0.0
-5.0448449,-0.1865874,0.0,0.0
-5.0540398,-0.1905159,0.0,0.0
-5.0632006,-0.1945194,0.0,0.0
-5.0723268,-0.1985974,0.0,0.0
-5.0814177,-0.2027493,0.0,0.0
-5.0904731,-0.2069745,0.0,0.0
-5.0995048,-0.2112786,0.0,0.0
-5.1084995,-0.215655,0.0,0.0
-5.1174568,-0.2201033,0.0,0.0
-5.1263761,-0.2246228,0.0,0.0
-5.1352568,-0.2292129,0.0,0.0
-5.1440986,-0.2338732,0.0,0.0
-5.1529008,-0.238603,0.0,0.0
-5.1616659,-0.2434034,0.0,0.0
-5.1704038,-0.2482799,0.0,0.0
-5.1791005,-0.2532244,0.0,0.0
-5.1877554,-0.2582364,0.0,0.0
-5.1963682,-0.2633153,0.0,0.0
-5.2049383,-0.2684607,0.0,0.0
-5.2134652,-0.2736719,0.0,0.0
-5.2219485,-0.2789482,0.0,0.0
-5.2303951,-0.2842941,0.0,0.0
-5.2388097,-0.2897124,0.0,0.0
-5.247179,-0.2951945,0.0,0.0
-5.2555027,-0.3007399,0.0,0.0
-5.2637801,-0.306348,0.0,0.0
-5.2720109,-0.3120181,0.0,0.0
-5.2801946,-0.3177497,0.0,0.0
-5.2883307,-0.3235423,0.0,0.0
-5.2964328,-0.3294054,0.0,0.0
-5.3044965,-0.335336,0.0,0.0
-5.3125111,-0.3413262,0.0,0.0
-5.3204761,-0.3473753,0.0,0.0
-5.3283911,-0.3534828,0.0,0.0
-5.3362557,-0.359648,0.0,0.0
-5.3440695,-0.3658704,0.0,0.0
-5.351832,-0.3721493,0.0,0.0
-5.3595654,-0.3785029,0.0,0.0
-5.367252,-0.3849169,0.0,0.0
-5.3748858,-0.391386,0.0,0.0
-5.3824664,-0.3979097,0.0,0.0
-5.3899933,-0.4044874,0.0,0.0
-5.3974663,-0.4111184,0.0,0.0
-5.4048849,-0.4178022,0.0,0.0
-5.4122504,-0.4245397,0.0,0.0
-5.419591,-0.4313569,0.0,0.0
-5.4268755,-0.4382255,0.0,0.0
-5.4341037,-0.4451448,0.0,0.0
-5.4412752,-0.4521142,0.0,0.0
-5.4483896,-0.459133,0.0,0.0
-5.4554466,-0.4662007,0.0,0.0
-5.4624458,-0.4733165,0.0,0.0
-5.4693992,-0.4804926,0.0,0.0
-5.4763172,-0.4877404,0.0,0.0
-5.4831757,-0.4950349,0.0,0.0
-5.4899745,-0.5023756,0.0,0.0
-5.4967133,-0.5097616,0.0,0.0
-5.5033917,-0.5171924,0.0,0.0
-5.5100094,-0.5246674,0.0,0.0
-5.5165661,-0.5321858,0.0,0.0
-5.5230877,-0.5397778,0.0,0.0
-5.5295598,-0.5474273,0.0,0.0
-5.5359692,-0.5551189,0.0,0.0
-5.5423157,-0.5628517,0.0,0.0
-5.5485989,-0.5706251,0.0,0.0
-5.5548187,-0.5784385,0.0,0.0
-5.5609746,-0.5862911,0.0,0.0
-5.5670684,-0.5941849,0.0,0.0
-5.5731375,-0.6021693,0.0,0.0
-5.5791411,-0.6101913,0.0,0.0
-5.585079,-0.6182504,0.0,0.0
-5.5909508,-0.6263458,0.0,0.0
-5.5967564,-0.6344768,0.0,0.0
-5.6024954,-0.6426427,0.0,0.0
-5.6081677,-0.6508427,0.0,0.0
-5.613794,-0.6591073,0.0,0.0
-5.6193755,-0.6674395,0.0,0.0
-5.6248885,-0.6758042,0.0,0.0
-5.6303328,-0.6842007,0.0,0.0
-5.6357082,-0.6926283,0.0,0.0
-5.6410144,-0.7010862,0.0,0.0
-5.6462512,-0.7095737,0.0,0.0
-5.6514185,-0.71809,0.0,0.0
-5.6565599,-0.7267086,0.0,0.0
-5.6616319,-0.735358,0.0,0.0
-5.6666325,-0.7440345,0.0,0.0
-5.6715615,-0.7527373,0.0,0.0
-5.6764189,-0.7614657,0.0,0.0
-5.6812043,-0.7702189,0.0,0.0
-5.6859178,-0.778996,0.0,0.0
-5.6905831,-0.7878425,0.0,0.0
-5.6951976,-0.7967552,0.0,0.0
-5.6997381,-0.80569,0.0,0.0
-5.7042046,-0.8146461,0.0,0.0
-5.7085969,-0.8236228,0.0,0.0
-5.7129148,-0.8326191,0.0,0.0
-5.7171583,-0.8416345,0.0,0.0
-5.721334,-0.8506827,0.0,0.0
-5.7254742,-0.8598365,0.0,0.0
-5.7295379,-0.8690071,0.0,0.0
-5.7335251,-0.8781938,0.0,0.0
-5.7374357,-0.8873958,0.0,0.0
-5.7412695,-0.8966122,0.0,0.0
-5.7450266,-0.9058421,0.0,0.0
-5.7487068,-0.9150848,0.0,0.0
-5.7523486,-0.9244397,0.0,0.0
-5.7559182,-0.9338228,0.0,0.0
-5.759409,-0.9432163,0.0,0.0
-5.762821,-0.9526193,0.0,0.0
-5.7661543,-0.962031,0.0,0.0
-5.7694088,-0.9714503,0.0,0.0
-5.7725848,-0.9808765,0.0,0.0
-5.7757105,-0.9903962,0.0,0.0
-5.7787709,-0.9999665,0.0,0.0
-5.7817511,-1.0095408,0.0,0.0
-5.7846516,-1.019118,0.0,0.0
-5.7874729,-1.0286969,0.0,0.0
-5.7902153,-1.0382767,0.0,0.0
-5.7928793,-1.0478561,0.0,0.0
-5.795488,-1.0575196,0.0,0.0
-5.7980351,-1.0672475,0.0,0.0
-5.8005028,-1.0769717,0.0,0.0
-5.8028918,-1.0866913,0.0,0.0
-5.8052026,-1.0964053,0.0,0.0
-5.8074358,-1.1061125,0.0,0.0
-5.809592,-1.1158118,0.0,0.0
-5.8116927,-1.1256015,0.0,0.0
-5.8137311,-1.1354543,0.0,0.0
-5.8156916,-1.1452958,0.0,0.0
-5.8175751,-1.1551252,0.0,0.0
-5.8193822,-1.1649413,0.0,0.0
-5.8211136,-1.1747433,0.0,0.0
-5.82277,-1.1845302,0.0,0.0
-5.8243737,-1.1944372,0.0,0.0
-5.8259101,-1.204382,0.0,0.0
-5.8273708,-1.2143082,0.0,0.0
-5.8287566,-1.2242149,0.0,0.0
-5.8300682,-1.2341012,0.0,0.0
-5.8313065,-1.2439661,0.0,0.0
-5.8324723,-1.2538089,0.0,0.0
-5.8335883,-1.2638335,0.0,0.0
-5.8346308,-1.2738375,0.0,0.0
-5.8356002,-1.2838158,0.0,0.0
-5.8364974,-1.2937677,0.0,0.0
-5.8373231,-1.3036924,0.0,0.0
-5.8380783,-1.313589,0.0,0.0
-5.8387696,-1.3235441,0.0,0.0
-5.839399,-1.333606,0.0,0.0
-5.8399574,-1.3436363,0.0,0.0
-5.8404457,-1.3536345,0.0,0.0
-5.840865,-1.3636,0.0,0.0
-5.841216,-1.373532,0.0,0.0
-5.8414998,-1.3834301,0.0,0.0
-5.8417215,-1.3935155,0.0,0.0
-5.8418751,-1.4035772,0.0,0.0
-5.8419613,-1.4136016,0.0,0.0
-5.8419812,-1.4235882,0.0,0.0
-5.8419357,-1.4335367,0.0,0.0
-5.841826,-1.4434464,0.0,0.0
-5.8416498,-1.4534744,0.0,0.0
-5.8414072,-1.463546,0.0,0.0
-5.8411008,-1.4735758,0.0,0.0
-5.8407317,-1.4835637,0.0,0.0
-5.8403013,-1.4935093,0.0,0.0
-5.8398109,-1.5034125,0.0,0.0
-5.8392544,-1.5133965,0.0,0.0
-5.8386312,-1.523456,0.0,0.0
-5.837949,-1.5334706,0.0,0.0
-5.837209,-1.5434402,0.0,0.0
-5.8364126,-1.5533651,0.0,0.0
-5.8355611,-1.5632451,0.0,0.0
-5.8346443,-1.573202,0.0,0.0
-5.8336621,-1.5832284,0.0,0.0
-5.832626,-1.5932085,0.0,0.0
-5.8315375,-1.6031428,0.0,0.0
-5.8303976,-1.6130316,0.0,0.0
-5.8292078,-1.6228754,0.0,0.0
-5.8279503,-1.6328205,0.0,0.0
-5.8266338,-1.6427953,0.0,0.0
-5.8252689,-1.652725,0.0,0.0
-5.823857,-1.6626104,0.0,0.0
-5.8223992,-1.6724524,0.0,0.0
-5.820897,-1.6822517,0.0,0.0
-5.8193224,-1.6921918,0.0,0.0
-5.8177027,-1.7021022,0.0,0.0
-5.8160418,-1.7119719,0.0,0.0
-5.8143416,-1.7218022,0.0,0.0
-5.812604,-1.7315944,0.0,0.0
-5.8108215,-1.7414014,0.0,0.0
-5.8089848,-1.7512793,0.0,0.0
-5.8071151,-1.7611231,0.0,0.0
-5.8052142,-1.7709348,0.0,0.0
-5.8032837,-1.7807165,0.0,0.0
-5.8013254,-1.7904702,0.0,0.0
-5.7993239,-1.8002822,0.0,0.0
-5.797293,-1.8100909,0.0,0.0
-5.7952382,-1.8198786,0.0,0.0
-5.7931609,-1.8296479,0.0,0.0
-5.7910623,-1.8394015,0.0,0.0
-5.7889412,-1.8491536,0.0,0.0
-5.7867963,-1.8589179,0.0,0.0
-5.784633,-1.8686752,0.0,0.0
-5.7824521,-1.8784289,0.0,0.0
-5.7802543,-1.8881822,0.0,0.0
-5.7780403,-1.8979383,0.0,0.0
-5.7758217,-1.9076524,0.0,0.0
-5.7735891,-1.9173705,0.0,0.0
-5.7713412,-1.9271017,0.0,0.0
-5.7690781,-1.9368496,0.0,0.0
-5.7667999,-1.9466177,0.0,0.0
-5.7645216,-1.956345,0.0,0.0
-5.762249,-1.9660104,0.0,0.0
-5.7599608,-1.9757061,0.0,0.0
-5.7576564,-1.9854357,0.0,0.0
-5.755335,-1.9952029,0.0,0.0
-5.7529961,-2.0050112,0.0,0.0
-5.7506925,-2.0146408,0.0,0.0
-5.7483791,-2.0242802,0.0,0.0
-5.746046,-2.0339691,0.0,0.0
-5.7436921,-2.0437107,0.0,0.0
-5.741316,-2.0535087,0.0,0.0
-5.7389298,-2.0633123,0.0,0.0
-5.7365953,-2.0728672,0.0,0.0
-5.7342362,-2.0824838,0.0,0.0
-5.7318509,-2.092165,0.0,0.0
-5.7294378,-2.1019139,0.0,0.0
-5.7269951,-2.1117334,0.0,0.0
-5.7245464,-2.121526,0.0,0.0
-5.7221564,-2.1310331,0.0,0.0
-5.7197345,-2.1406123,0.0,0.0
-5.7172789,-2.1502663,0.0,0.0
-5.7147876,-2.1599973,0.0,0.0
-5.7122588,-2.1698079,0.0,0.0
-5.709691,-2.1796989,0.0,0.0
-5.7072239,-2.1891333,0.0,0.0
-5.7047178,-2.1986452,0.0,0.0
-5.7021708,-2.2082365,0.0,0.0
-5.6995809,-2.2179092,0.0,0.0
-5.6969461,-2.2276651,0.0,0.0
-5.6942644,-2.2375062,0.0,0.0
-5.6916054,-2.2471753,0.0,0.0
-5.6889945,-2.2565832,0.0,0.0
-5.6863371,-2.2660704,0.0,0.0
-5.6836313,-2.2756381,0.0,0.0
-5.6808757,-2.2852874,0.0,0.0
-5.6780684,-2.2950191,0.0,0.0
-5.6752078,-2.3048345,0.0,0.0
-5.6723755,-2.3144533,0.0,0.0
-5.6695989,-2.3237866,0.0,0.0
-5.6667699,-2.333197,0.0,0.0
-5.6638862,-2.342686,0.0,0.0
-5.6609452,-2.3522553,0.0,0.0
-5.6579448,-2.3619066,0.0,0.0
-5.6548823,-2.3716415,0.0,0.0
-5.6517555,-2.3814618,0.0,0.0
-5.6487793,-2.3906985,0.0,0.0
-5.6457533,-2.3999801,0.0,0.0
-5.642666,-2.4093368,0.0,0.0
-5.6395156,-2.4187687,0.0,0.0
-5.6363002,-2.4282757,0.0,0.0
-5.6330182,-2.4378578,0.0,0.0
-5.6296676,-2.447515,0.0,0.0
-5.6262467,-2.4572471,0.0,0.0
-5.6229771,-2.466431,0.0,0.0
-5.6196662,-2.4756175,0.0,0.0
-5.6162914,-2.484867,0.0,0.0
-5.6128521,-2.4941786,0.0,0.0
-5.6093478,-2.5035513,0.0,0.0
-5.6057777,-2.5129841,0.0,0.0
-5.6021413,-2.5224761,0.0,0.0
-5.5984378,-2.5320263,0.0,0.0
-5.5947291,-2.5414754,0.0,0.0
-5.5911345,-2.5505281,0.0,0.0
-5.5874793,-2.5596295,0.0,0.0
-5.583763,-2.5687787,0.0,0.0
-5.579985,-2.577975,0.0,0.0
-5.5761447,-2.5872177,0.0,0.0
-5.5722415,-2.5965061,0.0,0.0
-5.5682749,-2.6058393,0.0,0.0
-5.5642442,-2.6152166,0.0,0.0
-5.5601562,-2.6246207,0.0,0.0
-5.5562327,-2.6335481,0.0,0.0
-5.5522509,-2.6425126,0.0,0.0
-5.5482104,-2.6515135,0.0,0.0
-5.5441108,-2.6605501,0.0,0.0
-5.5399519,-2.6696214,0.0,0.0
-5.5357333,-2.6787269,0.0,0.0
-5.5314546,-2.6878657,0.0,0.0
-5.5271156,-2.6970372,0.0,0.0
-5.5227159,-2.7062404,0.0,0.0
-5.5183111,-2.7153593,0.0,0.0
-5.5140184,-2.7241571,0.0,0.0
-5.5096701,-2.7329817,0.0,0.0
-5.505266,-2.7418322,0.0,0.0
-5.5008059,-2.7507079,0.0,0.0
-5.4962895,-2.7596082,0.0,0.0
-5.4917167,-2.7685324,0.0,0.0
-5.4870871,-2.7774798,0.0,0.0
-5.4824007,-2.7864497,0.0,0.0
-5.4776571,-2.7954414,0.0,0.0
-5.4728561,-2.8044542,0.0,0.0
-5.4682033,-2.8131069,0.0,0.0
-5.4635088,-2.8217567,0.0,0.0
-5.4587615,-2.8304239,0.0,0.0
-5.4539613,-2.8391079,0.0,0.0
-5.4491079,-2.8478081,0.0,0.0
-5.4442013,-2.8565237,0.0,0.0
-5.4392413,-2.8652543,0.0,0.0
-5.4342279,-2.8739991,0.0,0.0
-5.4291608,-2.8827576,0.0,0.0
-5.42404,-2.891529,0.0,0.0
-5.4188995,-2.9002549,0.0,0.0
-5.413876,-2.9087073,0.0,0.0
-5.4088026,-2.91717,0.0,0.0
-5.4036792,-2.9256424,0.0,0.0
-5.3985057,-2.9341239,0.0,0.0
-5.393282,-2.942614,0.0,0.0
-5.3880082,-2.9511121,0.0,0.0
-5.3826841,-2.9596176,0.0,0.0
-5.3773097,-2.9681301,0.0,0.0
-5.3718849,-2.9766488,0.0,0.0
-5.3664097,-2.9851733,0.0,0.0
-5.360884,-2.9937029,0.0,0.0
-5.3554893,-3.0019603,0.0,0.0
-5.3500563,-3.0102078,0.0,0.0
-5.344576,-3.0184586,0.0,0.0
-5.3390485,-3.0267121,0.0,0.0
-5.3334738,-3.0349679,0.0,0.0
-5.3278518,-3.0432254,0.0,0.0
-5.3221825,-3.0514841,0.0,0.0
-5.3164658,-3.0597435,0.0,0.0
-5.3107019,-3.0680031,0.0,0.0
-5.3048905,-3.0762624,0.0,0.0
-5.2990319,-3.0845208,0.0,0.0
-5.2931856,-3.0926947,0.0,0.0
-5.2874093,-3.100706,0.0,0.0
-5.2815883,-3.1087151,0.0,0.0
-5.2757228,-3.1167216,0.0,0.0
-5.2698127,-3.124725,0.0,0.0
-5.263858,-3.1327247,0.0,0.0
-5.2578588,-3.1407205,0.0,0.0
-5.2518151,-3.1487117,0.0,0.0
-5.2457269,-3.1566979,0.0,0.0
-5.2395943,-3.1646787,0.0,0.0
-5.2334171,-3.1726536,0.0,0.0
-5.2271956,-3.1806221,0.0,0.0
-5.2209901,-3.1885073,0.0,0.0
-5.2148418,-3.1962588,0.0,0.0
-5.2086515,-3.2040029,0.0,0.0
-5.2024191,-3.2117394,0.0,0.0
-5.1961448,-3.2194676,0.0,0.0
-5.1898284,-3.2271873,0.0,0.0
-5.1834702,-3.234898,0.0,0.0
-5.1770701,-3.2425993,0.0,0.0
-5.1706281,-3.2502908,0.0,0.0
-5.1641444,-3.2579721,0.0,0.0
-5.157619,-3.2656427,0.0,0.0
-5.1510519,-3.2733023,0.0,0.0
-5.1444574,-3.2809339,0.0,0.0
-5.1379538,-3.2884024,0.0,0.0
-5.1314104,-3.2958592,0.0,0.0
-5.1248275,-3.3033039,0.0,0.0
-5.118205,-3.310736,0.0,0.0
-5.1115429,-3.3181553,0.0,0.0
-5.1048415,-3.3255614,0.0,0.0
-5.0981006,-3.3329539,0.0,0.0
-5.0913205,-3.3403323,0.0,0.0
-5.0845012,-3.3476965,0.0,0.0
-5.0776427,-3.3550459,0.0,0.0
-5.0707451,-3.3623802,0.0,0.0
-5.0638084,-3.369699,0.0,0.0
-5.0569045,-3.3769272,0.0,0.0
-5.0500232,-3.3840768,0.0,0.0
-5.0431045,-3.3912105,0.0,0.0
-5.0361485,-3.3983279,0.0,0.0
-5.0291554,-3.4054287,0.0,0.0
-5.0221252,-3.4125125,0.0,0.0
-5.015058,-3.4195791,0.0,0.0
-5.0079539,-3.4266281,0.0,0.0
-5.000813,-3.4336592,0.0,0.0
-4.9936353,-3.440672,0.0,0.0
-4.986421,-3.4476662,0.0,0.0
-4.9791702,-3.4546414,0.0,0.0
-4.9718828,-3.4615974,0.0,0.0
-4.9646479,-3.46845,0.0,0.0
-4.9574076,-3.475255,0.0,0.0
-4.9501324,-3.4820403,0.0,0.0
-4.9428222,-3.4888058,0.0,0.0
-4.9354772,-3.4955511,0.0,0.0
-4.9280975,-3.502276,0.0,0.0
-4.9206831,-3.5089801,0.0,0.0
-4.9132342,-3.5156631,0.0,0.0
-4.9057509,-3.5223247,0.0,0.0
-4.8982332,-3.5289647,0.0,0.0
-4.8906813,-3.5355828,0.0,0.0
-4.8830953,-3.5421786,0.0,0.0
-4.8754753,-3.5487518,0.0,0.0
-4.8679004,-3.5552348,0.0,0.0
-4.86032,-3.5616718,0.0,0.0
-4.8527069,-3.5680859,0.0,0.0
-4.8450612,-3.5744771,0.0,0.0
-4.8373829,-3.580845,0.0,0.0
-4.8296721,-3.5871893,0.0,0.0
-4.8219291,-3.5935099,0.0,0.0
-4.8141538,-3.5998064,0.0,0.0
-4.8063464,-3.6060785,0.0,0.0
-4.798507,-3.6123261,0.0,0.0
-4.7906358,-3.6185488,0.0,0.0
-4.7827328,-3.6247464,0.0,0.0
-4.7747981,-3.6309187,0.0,0.0
-4.7668848,-3.6370247,0.0,0.0
-4.7589836,-3.6430722,0.0,0.0
-4.7510518,-3.6490943,0.0,0.0
-4.7430896,-3.6550906,0.0,0.0
-4.7350972,-3.6610609,0.0,0.0
-4.7270745,-3.6670051,0.0,0.0
-4.7190218,-3.6729229,0.0,0.0
-4.7109391,-3.678814,0.0,0.0
-4.7028266,-3.6846782,0.0,0.0
-4.6946844,-3.6905153,0.0,0.0
-4.6865127,-3.6963251,0.0,0.0
-4.6783115,-3.7021073,0.0,0.0
-4.6700809,-3.7078618,0.0,0.0
-4.6618386,-3.7135761,0.0,0.0
-4.6536367,-3.7192148,0.0,0.0
-4.6454065,-3.7248257,0.0,0.0
-4.6371481,-3.7304084,0.0,0.0
-4.6288616,-3.735963,0.0,0.0
-4.6205471,-3.7414891,0.0,0.0
-4.6122048,-3.7469865,0.0,0.0
-4.6038348,-3.7524551,0.0,0.0
-4.5954372,-3.7578946,0.0,0.0
-4.5870121,-3.7633049,0.0,0.0
-4.5785598,-3.7686857,0.0,0.0
-4.5700803,-3.7740369,0.0,0.0
-4.5615737,-3.7793583,0.0,0.0
-4.5530402,-3.7846496,0.0,0.0
-4.5445362,-3.7898762,0.0,0.0
-4.536029,-3.7950588,0.0,0.0
-4.5274958,-3.8002114,0.0,0.0
-4.5189366,-3.8053338,0.0,0.0
-4.5103518,-3.8104258,0.0,0.0
-4.5017412,-3.8154873,0.0,0.0
-4.4931053,-3.8205182,0.0,0.0
-4.4844439,-3.8255181,0.0,0.0
-4.4757574,-3.8304871,0.0,0.0
-4.4670458,-3.8354248,0.0,0.0
-4.4583092,-3.8403312,0.0,0.0
-4.4495478,-3.8452061,0.0,0.0
-4.4407618,-3.8500492,0.0,0.0
-4.431958,-3.8548568,0.0,0.0
-4.4231967,-3.8595965,0.0,0.0
-4.4144115,-3.8643045,0.0,0.0
-4.4056026,-3.8689808,0.0,0.0
-4.3967701,-3.8736251,0.0,0.0
-4.3879143,-3.8782374,0.0,0.0
-4.3790351,-3.8828175,0.0,0.0
-4.3701328,-3.8873653,0.0,0.0
-4.3612075,-3.8918806,0.0,0.0
-4.3522594,-3.8963633,0.0,0.0
-4.3432885,-3.9008133,0.0,0.0
-4.3342951,-3.9052304,0.0,0.0
-4.3252792,-3.9096145,0.0,0.0
-4.316241,-3.9139654,0.0,0.0
-4.3072057,-3.9182712,0.0,0.0
-4.2981927,-3.922523,0.0,0.0
-4.2891582,-3.9267418,0.0,0.0
-4.2801024,-3.9309275,0.0,0.0
-4.2710253,-3.9350799,0.0,0.0
-4.2619271,-3.9391989,0.0,0.0
-4.2528079,-3.9432845,0.0,0.0
-4.243668,-3.9473366,0.0,0.0
-4.2345074,-3.9513549,0.0,0.0
-4.2253264,-3.9553395,0.0,0.0
-4.2161249,-3.9592902,0.0,0.0
-4.2069032,-3.9632069,0.0,0.0
-4.1976615,-3.9670895,0.0,0.0
-4.1883998,-3.9709378,0.0,0.0
-4.179153,-3.9747377,0.0,0.0
-4.1699182,-3.9784907,0.0,0.0
-4.1606641,-3.9822096,0.0,0.0
-4.1513911,-3.9858945,0.0,0.0
-4.1420991,-3.9895451,0.0,0.0
-4.1327883,-3.9931615,0.0,0.0
-4.1234589,-3.9967436,0.0,0.0
-4.1141111,-4.0002912,0.0,0.0
-4.1047449,-4.0038044,0.0,0.0
-4.0953606,-4.0072829,0.0,0.0
-4.0859582,-4.0107268,0.0,0.0
-4.076538,-4.0141359,0.0,0.0
-4.0671,-4.0175101,0.0,0.0
-4.0576445,-4.0208495,0.0,0.0
-4.048209,-4.0241409,0.0,0.0
-4.0387827,-4.0273884,0.0,0.0
-4.0293396,-4.0306013,0.0,0.0
-4.0198796,-4.0337795,0.0,0.0
-4.0104031,-4.036923,0.0,0.0
-4.0009101,-4.0400316,0.0,0.0
-3.9914009,-4.0431053,0.0,0.0
-3.9818754,-4.0461442,0.0,0.0
-3.972334,-4.049148,0.0,0.0
-3.9627767,-4.0521168,0.0,0.0
-3.9532036,-4.0550506,0.0,0.0
-3.9436151,-4.0579492,0.0,0.0
-3.9340111,-4.0608126,0.0,0.0
-3.9243918,-4.0636407,0.0,0.0
-3.914792,-4.0664236,0.0,0.0
-3.9052049,-4.0691636,0.0,0.0
-3.8956031,-4.0718686,0.0,0.0
-3.8859868,-4.0745387,0.0,0.0
-3.8763563,-4.0771739,0.0,0.0
-3.8667115,-4.079774,0.0,0.0
-3.8570527,-4.082339,0.0,0.0
-3.84738,-4.084869,0.0,0.0
-3.8376937,-4.0873639,0.0,0.0
-3.8279937,-4.0898237,0.0,0.0
-3.8182803,-4.0922482,0.0,0.0
-3.8085536,-4.0946376,0.0,0.0
-3.7988138,-4.0969918,0.0,0.0
-3.789061,-4.0993108,0.0,0.0
-3.7793216,-4.1015883,0.0,0.0
-3.7696037,-4.103823,0.0,0.0
-3.7598733,-4.1060228,0.0,0.0
-3.7501307,-4.1081878,0.0,0.0
-3.740376,-4.1103178,0.0,0.0
-3.7306094,-4.112413,0.0,0.0
-3.720831,-4.1144733,0.0,0.0
-3.7110409,-4.1164987,0.0,0.0
-3.7012394,-4.1184892,0.0,0.0
-3.6914265,-4.1204447,0.0,0.0
-3.6816024,-4.1223654,0.0,0.0
-3.6717672,-4.1242511,0.0,0.0
-3.6619212,-4.1261019,0.0,0.0
-3.6520643,-4.1279178,0.0,0.0
-3.6422101,-4.1296964,0.0,0.0
-3.6323903,-4.1314323,0.0,0.0
-3.6225603,-4.1331337,0.0,0.0
-3.6127203,-4.1348005,0.0,0.0
-3.6028703,-4.1364329,0.0,0.0
-3.5930106,-4.1380309,0.0,0.0
-3.5831413,-4.1395944,0.0,0.0
-3.5732625,-4.1411235,0.0,0.0
-3.5633744,-4.1426181,0.0,0.0
-3.5534771,-4.1440784,0.0,0.0
-3.5435708,-4.1455043,0.0,0.0
-3.5336556,-4.1468958,0.0,0.0
-3.5237316,-4.148253,0.0,0.0
-3.5137991,-4.1495759,0.0,0.0
-3.503858,-4.1508645,0.0,0.0
-3.4939602,-4.1521124,0.0,0.0
-3.4840578,-4.1533259,0.0,0.0
-3.4741475,-4.1545056,0.0,0.0
-3.4642294,-4.1556516,0.0,0.0
-3.4543037,-4.1567637,0.0,0.0
-3.4443705,-4.1578422,0.0,0.0
-3.4344299,-4.1588869,0.0,0.0
-3.4244821,-4.159898,0.0,0.0
-3.4145271,-4.1608755,0.0,0.0
-3.4045653,-4.1618194,0.0,0.0
-3.3945966,-4.1627298,0.0,0.0
-3.3846213,-4.1636067,0.0,0.0
-3.3746395,-4.1644501,0.0,0.0
-3.3646513,-4.1652602,0.0,0.0
-3.3546855,-4.1660346,0.0,0.0
-3.3447359,-4.1667743,0.0,0.0
-3.3347804,-4.1674811,0.0,0.0
-3.3248191,-4.168155,0.0,0.0
-3.3148522,-4.1687961,0.0,0.0
-3.3048799,-4.1694044,0.0,0.0
-3.2949022,-4.16998,0.0,0.0
-3.2849193,-4.170523,0.0,0.0
-3.2749313,-4.1710334,0.0,0.0
-3.2649384,-4.1715112,0.0,0.0
-3.2549406,-4.1719566,0.0,0.0
-3.2449383,-4.1723695,0.0,0.0
-3.2349314,-4.1727501,0.0,0.0
-3.2249201,-4.1730984,0.0,0.0
-3.2149099,-4.1734143,0.0,0.0
-3.2049356,-4.173697,0.0,0.0
-3.1949573,-4.1739478,0.0,0.0
-3.1849752,-4.1741669,0.0,0.0
-3.1749895,-4.1743543,0.0,0.0
-3.1650002,-4.1745102,0.0,0.0
-3.1550075,-4.1746345,0.0,0.0
-3.1450115,-4.1747274,0.0,0.0
-3.1350124,-4.1747889,0.0,0.0
-3.1250103,-4.1748192,0.0,0.0
-3.1150053,-4.1748182,0.0,0.0
-3.1049975,-4.174786,0.0,0.0
-3.0949871,-4.1747229,0.0,0.0
-3.0849742,-4.1746287,0.0,0.0
-3.074959,-4.1745036,0.0,0.0
-3.0649646,-4.1743481,0.0,0.0
-3.0549833,-4.1741622,0.0,0.0
-3.045,-4.1739459,0.0,0.0
-3.0350149,-4.1736993,0.0,0.0
-3.025028,-4.1734225,0.0,0.0
-3.0150396,-4.1731155,0.0,0.0
-3.0050498,-4.1727785,0.0,0.0
-2.9950586,-4.1724114,0.0,0.0
-2.9850662,-4.1720145,0.0,0.0
-2.9750728,-4.1715879,0.0,0.0
-2.9650784,-4.1711315,0.0,0.0
-2.9550832,-4.1706455,0.0,0.0
-2.9450873,-4.17013,0.0,0.0
-2.9350908,-4.1695851,0.0,0.0
-2.925095,-4.169011,0.0,0.0
-2.9151273,-4.1684094,0.0,0.0
-2.9051594,-4.1677788,0.0,0.0
-2.8951914,-4.1671194,0.0,0.0
-2.8852235,-4.1664312,0.0,0.0
-2.8752557,-4.1657144,0.0,0.0
-2.8652882,-4.1649691,0.0,0.0
-2.8553212,-4.1641954,0.0,0.0
-2.8453546,-4.1633933,0.0,0.0
-2.8353886,-4.1625631,0.0,0.0
-2.8254235,-4.1617047,0.0,0.0
-2.8154591,-4.1608184,0.0,0.0
-2.8054958,-4.1599042,0.0,0.0
-2.7955336,-4.1589622,0.0,0.0
-2.7855726,-4.1579925,0.0,0.0
-2.7756213,-4.1569961,0.0,0.0
-2.7656825,-4.1559734,0.0,0.0
-2.7557453,-4.1549235,0.0,0.0
-2.7458097,-4.1538466,0.0,0.0
-2.735876,-4.1527426,0.0,0.0
-2.7259441,-4.1516118,0.0,0.0
-2.7160143,-4.1504542,0.0,0.0
-2.7060866,-4.14927,0.0,0.0
-2.6961611,-4.1480593,0.0,0.0
-2.686238,-4.1468222,0.0,0.0
-2.6763173,-4.1455588,0.0,0.0
-2.6663992,-4.1442693,0.0,0.0
-2.6564838,-4.1429538,0.0,0.0
-2.6465712,-4.1416124,0.0,0.0
-2.6366615,-4.1402452,0.0,0.0
-2.6267611,-4.1388532,0.0,0.0
-2.6168654,-4.137436,0.0,0.0
-2.6069729,-4.1359933,0.0,0.0
-2.5970838,-4.1345254,0.0,0.0
-2.5871981,-4.1330324,0.0,0.0
-2.5773159,-4.1315143,0.0,0.0
-2.5674373,-4.1299714,0.0,0.0
-2.5575625,-4.1284036,0.0,0.0
-2.5476915,-4.1268112,0.0,0.0
-2.5378245,-4.1251943,0.0,0.0
-2.5279615,-4.1235529,0.0,0.0
-2.5181027,-4.1218872,0.0,0.0
-2.5082481,-4.1201974,0.0,0.0
-2.4983978,-4.1184834,0.0,0.0
-2.4885514,-4.1167455,0.0,0.0
-2.4787061,-4.114983,0.0,0.0
-2.4688654,-4.1131968,0.0,0.0
-2.4590294,-4.1113869,0.0,0.0
-2.4491983,-4.1095534,0.0,0.0
-2.4393721,-4.1076963,0.0,0.0
-2.429551,-4.1058158,0.0,0.0
-2.419735,-4.1039119,0.0,0.0
-2.4099243,-4.1019848,0.0,0.0
-2.4001189,-4.1000344,0.0,0.0
-2.3903189,-4.0980609,0.0,0.0
-2.3805244,-4.0960643,0.0,0.0
-2.3707356,-4.0940447,0.0,0.0
-2.3609525,-4.0920023,0.0,0.0
-2.3511752,-4.089937,0.0,0.0
-2.3413961,-4.0878474,0.0,0.0
-2.3316152,-4.0857334,0.0,0.0
-2.3218405,-4.0835967,0.0,0.0
-2.3120719,-4.0814374,0.0,0.0
-2.3023097,-4.0792556,0.0,0.0
-2.2925538,-4.0770515,0.0,0.0
-2.2828045,-4.0748249,0.0,0.0
-2.2730617,-4.0725762,0.0,0.0
-2.2633256,-4.0703052,0.0,0.0
-2.2535963,-4.0680121,0.0,0.0
-2.2438738,-4.065697,0.0,0.0
-2.2341583,-4.0633599,0.0,0.0
-2.2244499,-4.061001,0.0,0.0
-2.2147486,-4.0586202,0.0,0.0
-2.2050545,-4.0562177,0.0,0.0
-2.1953443,-4.0537877,0.0,0.0
-2.1856382,-4.0513352,0.0,0.0
-2.1759396,-4.048861,0.0,0.0
-2.1662487,-4.0463654,0.0,0.0
-2.1565655,-4.0438483,0.0,0.0
-2.1468901,-4.0413099,0.0,0.0
-2.1372226,-4.0387503,0.0,0.0
-2.1275631,-4.0361695,0.0,0.0
-2.1179117,-4.0335677,0.0,0.0
-2.1082685,-4.0309448,0.0,0.0
-2.0986336,-4.0283011,0.0,0.0
-2.089007,-4.0256366,0.0,0.0
-2.0793888,-4.0229513,0.0,0.0
-2.0697792,-4.0202454,0.0,0.0
-2.0601669,-4.0175158,0.0,0.0
-2.050536,-4.0147578,0.0,0.0
-2.040914,-4.0119793,0.0,0.0
-2.031301,-4.0091803,0.0,0.0
-2.021697,-4.006361,0.0,0.0
-2.0121021,-4.0035215,0.0,0.0
-2.0025164,-4.0006617,0.0,0.0
-1.9929401,-3.997782,0.0,0.0
-1.9833731,-3.9948822,0.0,0.0
-1.9738155,-3.9919626,0.0,0.0
-1.9642675,-3.9890232,0.0,0.0
-1.9547292,-3.9860641,0.0,0.0
-1.9452006,-3.9830854,0.0,0.0
-1.9356817,-3.9800872,0.0,0.0
-1.9261728,-3.9770696,0.0,0.0
-1.9166349,-3.9740201,0.0,0.0
-1.9070955,-3.9709476,0.0,0.0
-1.8975665,-3.9678556,0.0,0.0
-1.8880477,-3.9647444,0.0,0.0
-1.8785394,-3.961614,0.0,0.0
-1.8690416,-3.9584645,0.0,0.0
-1.8595543,-3.955296,0.0,0.0
-1.8500777,-3.9521085,0.0,0.0
-1.8406119,-3.9489021,0.0,0.0
-1.8311569,-3.945677,0.0,0.0
-1.8217128,-3.9424332,0.0,0.0
-1.8122796,-3.9391707,0.0,0.0
-1.8028576,-3.9358898,0.0,0.0
-1.7934467,-3.9325904,0.0,0.0
-1.7840268,-3.9292654,0.0,0.0
-1.7745764,-3.9259072,0.0,0.0
-1.7651376,-3.9225306,0.0,0.0
-1.7557105,-3.9191356,0.0,0.0
-1.746295,-3.9157224,0.0,0.0
-1.7368913,-3.912291,0.0,0.0
-1.7274995,-3.9088416,0.0,0.0
-1.7181196,-3.9053741,0.0,0.0
-1.7087518,-3.9018888,0.0,0.0
-1.6993961,-3.8983856,0.0,0.0
-1.6900525,-3.8948647,0.0,0.0
-1.6807212,-3.8913262,0.0,0.0
-1.6714023,-3.8877701,0.0,0.0
-1.6620957,-3.8841965,0.0,0.0
-1.6528017,-3.8806056,0.0,0.0
-1.6434485,-3.8769694,0.0,0.0
-1.6341063,-3.8733151,0.0,0.0
-1.6247771,-3.8696434,0.0,0.0
-1.6154609,-3.8659544,0.0,0.0
-1.6061577,-3.8622483,0.0,0.0
-1.5968677,-3.8585251,0.0,0.0
-1.587591,-3.8547849,0.0,0.0
-1.5783275,-3.8510279,0.0,0.0
-1.5690774,-3.847254,0.0,0.0
-1.5598408,-3.8434635,0.0,0.0
-1.5506177,-3.8396564,0.0,0.0
-1.5414081,-3.8358329,0.0,0.0
-1.5322123,-3.8319929,0.0,0.0
-1.5230302,-3.8281367,0.0,0.0
-1.513799,-3.8242376,0.0,0.0
-1.5045598,-3.8203128,0.0,0.0
-1.4953347,-3.8163716,0.0,0.0
-1.4861239,-3.8124143,0.0,0.0
-1.4769275,-3.808441,0.0,0.0
-1.4677455,-3.8044516,0.0,0.0
-1.458578,-3.8004465,0.0,0.0
-1.449425,-3.7964255,0.0,0.0
-1.4402867,-3.792389,0.0,0.0
-1.4311631,-3.7883369,0.0,0.0
-1.4220543,-3.7842694,0.0,0.0
-1.4129603,-3.7801866,0.0,0.0
-1.4038811,-3.7760885,0.0,0.0
-1.394817,-3.7719754,0.0,0.0
-1.3857068,-3.7678193,0.0,0.0
-1.3765764,-3.7636318,0.0,0.0
-1.3674615,-3.7594292,0.0,0.0
-1.3583622,-3.7552116,0.0,0.0
-1.3492785,-3.7509792,0.0,0.0
-1.3402104,-3.7467321,0.0,0.0
-1.3311581,-3.7424703,0.0,0.0
-1.3221216,-3.738194,0.0,0.0
-1.3131009,-3.7339034,0.0,0.0
-1.3040962,-3.7295984,0.0,0.0
-1.2951074,-3.7252793,0.0,0.0
-1.2861347,-3.7209462,0.0,0.0
-1.2771781,-3.7165991,0.0,0.0
-1.2682376,-3.7122382,0.0,0.0
-1.2592405,-3.7078278,0.0,0.0
-1.2502249,-3.7033863,0.0,0.0
-1.2412261,-3.6989311,0.0,0.0
-1.232244,-3.6944622,0.0,0.0
-1.2232788,-3.6899797,0.0,0.0
-1.2143305,-3.6854839,0.0,0.0
-1.205399,-3.6809748,0.0,0.0
-1.1964846,-3.6764525,0.0,0.0
-1.1875872,-3.6719172,0.0,0.0
-1.1787069,-3.6673689,0.0,0.0
-1.1698438,-3.6628079,0.0,0.0
-1.1609978,-3.6582343,0.0,0.0
-1.1521691,-3.653648,0.0,0.0
-1.1433577,-3.6490494,0.0,0.0
-1.1344585,-3.6443833,0.0,0.0
-1.1255635,-3.6396975,0.0,0.0
-1.1166864,-3.6349994,0.0,0.0
-1.1078273,-3.630289,0.0,0.0
-1.0989861,-3.6255666,0.0,0.0
-1.090163,-3.6208322,0.0,0.0
-1.0813579,-3.616086,0.0,0.0
-1.072571,-3.611328,0.0,0.0
-1.0638022,-3.6065585,0.0,0.0
-1.0550515,-3.6017776,0.0,0.0
-1.0463191,-3.5969854,0.0,0.0
-1.037605,-3.592182,0.0,0.0
-1.0289092,-3.5873676,0.0,0.0
-1.0201957,-3.5825223,0.0,0.0
-1.0114079,-3.5776141,0.0,0.0
-1.0026391,-3.5726949,0.0,0.0
-0.9938892,-3.5677649,0.0,0.0
-0.9851584,-3.5628243,0.0,0.0
-0.9764466,-3.5578731,0.0,0.0
-0.9677539,-3.5529115,0.0,0.0
-0.9590803,-3.5479397,0.0,0.0
-0.9504257,-3.5429577,0.0,0.0
-0.9417904,-3.5379658,0.0,0.0
-0.9331742,-3.532964,0.0,0.0
-0.9245772,-3.5279526,0.0,0.0
-0.9159995,-3.5229315,0.0,0.0
-0.907441,-3.5179011,0.0,0.0
-0.8987813,-3.5127901,0.0,0.0
-0.8901239,-3.5076593,0.0,0.0
-0.8814864,-3.5025191,0.0,0.0
-0.8728688,-3.4973698,0.0,0.0
-0.8642712,-3.4922115,0.0,0.0
-0.8556936,-3.4870444,0.0,0.0
-0.8471359,-3.4818685,0.0,0.0
-0.8385983,-3.476684,0.0,0.0
-0.8300806,-3.4714911,0.0,0.0
-0.8215829,-3.4662899,0.0,0.0
-0.8131052,-3.4610805,0.0,0.0
-0.8046475,-3.4558631,0.0,0.0
-0.7962099,-3.4506379,0.0,0.0
-0.787693,-3.4453432,0.0,0.0
-0.77915,-3.4400115,0.0,0.0
-0.7706277,-3.4346721,0.0,0.0
-0.7621261,-3.4293251,0.0,0.0
-0.7536452,-3.4239708,0.0,0.0
-0.745185,-3.4186092,0.0,0.0
-0.7367455,-3.4132404,0.0,0.0
-0.7283267,-3.4078648,0.0,0.0
-0.7199285,-3.4024823,0.0,0.0
-0.711551,-3.3970931,0.0,0.0
-0.7031941,-3.3916974,0.0,0.0
-0.6948578,-3.3862953,0.0,0.0
-0.6865421,-3.380887,0.0,0.0
-0.6781387,-3.3754018,0.0,0.0
-0.6697127,-3.3698818,0.0,0.0
-0.661308,-3.3643557,0.0,0.0
-0.6529245,-3.3588237,0.0,0.0
-0.6445623,-3.3532861,0.0,0.0
-0.6362212,-3.3477428,0.0,0.0
-0.6279014,-3.3421941,0.0,0.0
-0.6196026,-3.3366401,0.0,0.0
-0.611325,-3.331081,0.0,0.0
-0.6030683,-3.3255169,0.0,0.0
-0.5948328,-3.3199479,0.0,0.0
-0.5866181,-3.3143742,0.0,0.0
-0.5784245,-3.3087959,0.0,0.0
-0.5700991,-3.3031088,0.0,0.0
-0.5617919,-3.2974148,0.0,0.0
-0.5535063,-3.2917166,0.0,0.0
-0.5452422,-3.2860142,0.0,0.0
-0.5369996,-3.2803077,0.0,0.0
-0.5287783,-3.2745973,0.0,0.0
-0.5205784,-3.2688832,0.0,0.0
-0.5123998,-3.2631655,0.0,0.0
-0.5042424,-3.2574443,0.0,0.0
-0.4961061,-3.2517198,0.0,0.0
-0.4879909,-3.2459921,0.0,0.0
-0.4798966,-3.2402614,0.0,0.0
-0.4717473,-3.2344735,0.0,0.0
-0.4635379,-3.2286249,0.0,0.0
-0.4553501,-3.2227735,0.0,0.0
-0.4471838,-3.2169195,0.0,0.0
-0.4390389,-3.211063,0.0,0.0
-0.4309153,-3.2052041,0.0,0.0
-0.4228128,-3.1993429,0.0,0.0
-0.4147315,-3.1934796,0.0,0.0
-0.4066712,-3.1876144,0.0,0.0
-0.3986318,-3.1817472,0.0,0.0
-0.3906131,-3.1758783,0.0,0.0
-0.3826152,-3.1700079,0.0,0.0
-0.3746024,-3.1641098,0.0,0.0
-0.3664904,-3.1581217,0.0,0.0
-0.3583996,-3.1521323,0.0,0.0
-0.3503298,-3.1461417,0.0,0.0
-0.3422809,-3.14015,0.0,0.0
-0.3342528,-3.1341573,0.0,0.0
-0.3262453,-3.1281638,0.0,0.0
-0.3182583,-3.1221695,0.0,0.0
-0.3102916,-3.1161746,0.0,0.0
-0.3023452,-3.1101791,0.0,0.0
-0.2944188,-3.1041832,0.0,0.0
-0.2865124,-3.0981869,0.0,0.0
-0.2785947,-3.0921669,0.0,0.0
-0.2705785,-3.0860563,0.0,0.0
-0.2625826,-3.0799458,0.0,0.0
-0.2546067,-3.0738353,0.0,0.0
-0.2466507,-3.0677249,0.0,0.0
-0.2387144,-3.0616147,0.0,0.0
-0.2307976,-3.0555047,0.0,0.0
-0.2229002,-3.0493952,0.0,0.0
-0.2150219,-3.043286,0.0,0.0
-0.2071626,-3.0371774,0.0,0.0
-0.1993221,-3.0310694,0.0,0.0
-0.1915002,-3.024962,0.0,0.0
-0.1836397,-3.0188107,0.0,0.0
-0.175716,-3.012596,0.0,0.0
-0.167811,-3.0063823,0.0,0.0
-0.1599245,-3.0001694,0.0,0.0
-0.1520562,-2.9939576,0.0,0.0
-0.144206,-2.9877467,0.0,0.0
-0.1363735,-2.9815369,0.0,0.0
-0.1285587,-2.9753281,0.0,0.0
-0.1207613,-2.9691205,0.0,0.0
-0.112981,-2.9629141,0.0,0.0
-0.1052177,-2.9567089,0.0,0.0
-0.097471,-2.950505,0.0,0.0
-0.08964,-2.9442213,0.0,0.0
-0.0818038,-2.9379212,0.0,0.0
-0.073984,-2.9316225,0.0,0.0
-0.0661804,-2.9253251,0.0,0.0
-0.0583928,-2.9190289,0.0,0.0
-0.0506207,-2.9127339,0.0,0.0
-0.0428641,-2.9064401,0.0,0.0
-0.0351225,-2.9001475,0.0,0.0
-0.0273957,-2.893856,0.0,0.0
-0.0196834,-2.8875656,0.0,0.0
-0.0119853,-2.8812764,0.0,0.0
-0.0042594,-2.874954,0.0,0.0
0.0035119,-2.8685839,0.0,0.0
0.0112695,-2.862215,0.0,0.0
0.0190135,-2.855847,0.0,0.0
0.0267441,-2.84948,0.0,0.0
0.0344617,-2.8431139,0.0,0.0
0.0421665,-2.8367488,0.0,0.0
0.0498586,-2.8303845,0.0,0.0
0.0575384,-2.824021,0.0,0.0
0.0652061,-2.8176584,0.0,0.0
0.0728619,-2.8112965,0.0,0.0
0.0805173,-2.804926,0.0,0.0
0.0882232,-2.7985046,0.0,0.0
0.0959181,-2.7920835,0.0,0.0
0.1036026,-2.7856624,0.0,0.0
0.1112772,-2.7792409,0.0,0.0
0.1189425,-2.7728186,0.0,0.0
0.1265991,-2.7663953,0.0,0.0
0.1342475,-2.7599705,0.0,0.0
0.1418884,-2.753544,0.0,0.0
0.1495222,-2.7471153,0.0,0.0
0.1571496,-2.7406841,0.0,0.0
0.1647711,-2.7342501,0.0,0.0
